code,constituency,electorate,turnout,winning_party,previous_party,gain,second_party,majority,all,brx,con,dup,grn,ind,lab,lib,oth,plc,sdl,snf,snp,spk,ukp,uup
E14000530,Aldershot,72617,47932,con,con,FALSE,lab,16698,0,0,27980,0,1750,0,11282,6920,0,0,0,0,0,0,0,0
E14000531,Aldridge-Brownhills,60138,39342,con,con,FALSE,lab,19836,0,0,27850,0,771,0,8014,2371,336,0,0,0,0,0,0,0
E14000532,Altrincham & Sale West,73096,54763,con,con,FALSE,lab,6139,0,0,26311,0,1566,224,20172,6036,454,0,0,0,0,0,0,0
E14000533,Amber Valley,69976,45567,con,con,FALSE,lab,16886,0,0,29096,0,1388,0,12210,2873,0,0,0,0,0,0,0,0
E14000534,Arundel & South Downs,81726,61408,con,con,FALSE,lib,22521,0,0,35566,0,2519,556,9722,13045,0,0,0,0,0,0,0,0
E14000535,Ashfield,78204,48980,con,lab,TRUE,oth,5733,0,2501,19231,0,674,0,11971,1105,13498,0,0,0,0,0,0,0
E14000536,Ashford,89550,60059,con,con,FALSE,lab,24029,0,0,37270,0,2638,862,13241,6048,0,0,0,0,0,0,0,0
E14000537,Ashton-under-Lyne,68497,38559,lab,lab,FALSE,con,4263,0,3131,14281,0,1208,0,18544,1395,0,0,0,0,0,0,0,0
E14000538,Aylesbury,86665,60576,con,con,FALSE,lab,17373,0,0,32737,0,2394,0,15364,10081,0,0,0,0,0,0,0,0
E14000539,Banbury,90113,62921,con,con,FALSE,lab,16813,0,0,34148,0,2607,0,17335,8831,0,0,0,0,0,0,0,0
E14000540,Barking,77946,44499,lab,lab,FALSE,con,15427,0,3186,11792,0,820,0,27219,1482,0,0,0,0,0,0,0,0
E14000541,"Barnsley, Central",65277,36903,lab,lab,FALSE,brx,3571,0,11233,7892,0,900,188,14804,1176,710,0,0,0,0,0,0,0
E14000542,"Barnsley, East",69504,38070,lab,lab,FALSE,brx,3217,0,11112,10377,0,922,0,14329,1330,0,0,0,0,0,0,0,0
E14000543,Barrow & Furness,70158,46046,con,ind,TRUE,lab,5789,0,1355,23876,0,703,0,18087,2025,0,0,0,0,0,0,0,0
E14000544,Basildon & Billericay,69906,44128,con,con,FALSE,lab,20412,0,0,29590,0,1395,0,9178,3741,224,0,0,0,0,0,0,0
E14000545,Basingstoke,82926,54713,con,con,FALSE,lab,14198,0,0,29593,0,2138,0,15395,6841,746,0,0,0,0,0,0,0
E14000546,Bassetlaw,80035,50841,con,lab,TRUE,lab,14013,0,5366,28078,0,0,0,14065,3332,0,0,0,0,0,0,0,0
E14000547,Bath,67725,52138,lib,lib,FALSE,con,12322,0,642,16097,0,0,341,6639,28419,0,0,0,0,0,0,0,0
E14000548,Batley & Spen,79558,52927,lab,lab,FALSE,con,3525,0,1678,19069,0,692,0,22594,2462,6432,0,0,0,0,0,0,0
E14000549,Battersea,79309,59977,lab,lab,FALSE,con,5668,0,386,21622,0,1529,0,27290,9150,0,0,0,0,0,0,0,0
E14000550,Beaconsfield,77720,57868,con,ind,TRUE,ind,15712,0,0,32477,0,2033,16765,5756,0,0,0,0,0,0,0,0,0
E14000551,Beckenham,68671,50555,con,con,FALSE,lab,14258,0,0,27282,0,2055,0,13024,8194,0,0,0,0,0,0,0,0
E14000552,Bedford,71579,47301,lab,lab,FALSE,con,145,0,896,20346,0,960,0,20491,4608,0,0,0,0,0,0,0,0
E14000553,Bermondsey & Old Southwark,93313,58615,lab,lab,FALSE,lib,16126,0,1617,9678,0,0,0,31723,15597,0,0,0,0,0,0,0,0
E14000554,Berwick-upon-Tweed,59939,42109,con,con,FALSE,lab,14835,0,0,23947,0,1394,0,9112,7656,0,0,0,0,0,0,0,0
E14000555,Bethnal Green & Bow,88169,60562,lab,lab,FALSE,con,37524,0,1081,6528,0,2570,0,44052,5892,439,0,0,0,0,0,0,0
E14000556,Beverley & Holderness,79683,53542,con,con,FALSE,lab,20448,0,0,33250,0,1378,0,12802,4671,1441,0,0,0,0,0,0,0
E14000557,Bexhill & Battle,81968,59093,con,con,FALSE,lab,26059,0,0,37590,0,2692,0,11531,7280,0,0,0,0,0,0,0,0
E14000558,Bexleyheath & Crayford,65466,43246,con,con,FALSE,lab,13103,0,0,25856,0,1298,0,12753,2819,520,0,0,0,0,0,0,0
E14000559,Birkenhead,63762,42329,lab,ind,TRUE,oth,17705,0,1489,5540,0,1405,0,24990,1620,7285,0,0,0,0,0,0,0
E14000560,Birmingham Edgbaston,68828,42328,lab,lab,FALSE,con,5614,0,1047,15603,0,1112,0,21217,3349,0,0,0,0,0,0,0,0
E14000561,Birmingham Erdington,66148,35229,lab,lab,FALSE,con,3601,0,1441,14119,0,648,0,17720,1301,0,0,0,0,0,0,0,0
E14000562,Birmingham Hall Green,80283,52911,lab,lab,FALSE,con,28508,0,877,7381,0,818,4273,35889,3673,0,0,0,0,0,0,0,0
E14000563,Birmingham Hodge Hill,78295,45003,lab,lab,FALSE,con,28655,0,1519,6742,0,328,0,35397,760,257,0,0,0,0,0,0,0
E14000564,Birmingham Ladywood,74912,42118,lab,lab,FALSE,con,28582,0,831,4773,0,931,0,33355,2228,0,0,0,0,0,0,0,0
E14000565,Birmingham Northfield,73694,43098,con,lab,TRUE,lab,1640,0,1655,19957,0,954,0,18317,1961,0,0,0,0,0,0,254,0
E14000566,Birmingham Perry Barr,72006,42147,lab,lab,FALSE,con,15317,0,1382,11277,0,845,0,26594,1901,148,0,0,0,0,0,0,0
E14000567,Birmingham Selly Oak,82665,49467,lab,lab,FALSE,con,12414,0,1436,15300,0,1848,0,27714,3169,0,0,0,0,0,0,0,0
E14000568,Birmingham Yardley,74704,42678,lab,lab,FALSE,con,10659,0,2246,12720,0,579,0,23379,3754,0,0,0,0,0,0,0,0
E14000569,Bishop Auckland,68170,44805,con,lab,TRUE,lab,7962,0,2500,24067,0,0,0,16105,2133,0,0,0,0,0,0,0,0
E14000570,Blackburn,71229,44736,lab,lab,FALSE,con,18304,0,2770,10736,0,741,319,29040,1130,0,0,0,0,0,0,0,0
E14000571,Blackley & Broughton,73372,38618,lab,lab,FALSE,con,14402,0,2736,9485,0,920,0,23887,1590,0,0,0,0,0,0,0,0
E14000572,"Blackpool, North & Cleveleys",63691,38804,con,con,FALSE,lab,8596,0,0,22364,0,735,443,13768,1494,0,0,0,0,0,0,0,0
E14000573,"Blackpool, South",57688,32752,con,lab,TRUE,lab,3690,0,2009,16247,0,563,368,12557,1008,0,0,0,0,0,0,0,0
E14000574,Blaydon,67853,45681,lab,lab,FALSE,con,5531,0,5833,14263,0,1279,0,19794,3703,118,0,0,0,0,0,0,0
E14000575,Blyth Valley,64429,40859,con,lab,TRUE,lab,712,0,3394,17440,0,1146,0,16728,2151,0,0,0,0,0,0,0,0
E14000576,Bognor Regis & Littlehampton,77488,51223,con,con,FALSE,lab,22503,0,0,32521,0,1826,367,10018,5645,0,0,0,0,0,0,846,0
E14000577,Bolsover,75157,45938,con,lab,TRUE,lab,5299,0,4151,21791,0,758,517,16492,1759,0,0,0,0,0,0,0,0
E14000578,"Bolton, North East",67564,43556,con,lab,TRUE,lab,378,0,1880,19759,0,689,0,19381,1847,0,0,0,0,0,0,0,0
E14000579,"Bolton, South East",69163,40604,lab,lab,FALSE,con,7598,0,2968,13918,0,791,0,21516,1411,0,0,0,0,0,0,0,0
E14000580,"Bolton, West",73191,49298,con,con,FALSE,lab,8855,0,0,27255,0,939,0,18400,2704,0,0,0,0,0,0,0,0
E14000581,Bootle,74832,49174,lab,lab,FALSE,con,34556,0,2610,4510,0,1166,0,39066,1822,0,0,0,0,0,0,0,0
E14000582,Boston & Skegness,68895,41696,con,con,FALSE,lab,25621,0,0,31963,0,0,1428,6342,1963,0,0,0,0,0,0,0,0
E14000583,Bosworth,81537,56432,con,con,FALSE,lab,26278,0,0,36056,0,1502,0,9778,9096,0,0,0,0,0,0,0,0
E14000584,"Bournemouth, East",74127,49274,con,con,FALSE,lab,8806,0,0,24926,0,2049,314,16120,5418,447,0,0,0,0,0,0,0
E14000585,"Bournemouth, West",74211,45977,con,con,FALSE,lab,10150,0,0,24550,0,2096,0,14400,4931,0,0,0,0,0,0,0,0
E14000586,Bracknell,79206,54350,con,lib,TRUE,lab,19829,0,0,31894,0,2089,553,12065,7749,0,0,0,0,0,0,0,0
E14000587,"Bradford, East",73206,44184,lab,lab,FALSE,con,18144,0,2700,9681,0,662,0,27825,3316,0,0,0,0,0,0,0,0
E14000588,"Bradford, South",69046,39741,lab,lab,FALSE,con,2346,0,2819,16044,0,983,0,18390,1505,0,0,0,0,0,0,0,0
E14000589,"Bradford, West",70694,44261,lab,lab,FALSE,con,27019,0,1556,6717,0,813,0,33736,1349,90,0,0,0,0,0,0,0
E14000590,Braintree,75208,50499,con,con,FALSE,lab,24673,0,0,34112,0,0,420,9439,4779,0,0,0,0,0,0,0,0
E14000591,"Brent, Central",84204,49132,lab,lab,FALSE,con,20870,0,0,10909,0,1600,0,31779,4844,0,0,0,0,0,0,0,0
E14000592,"Brent, North",83772,51879,lab,lab,FALSE,con,8079,0,951,18832,0,850,101,26911,4065,0,0,0,0,0,0,0,0
E14000593,Brentford & Isleworth,85770,58326,lab,lab,FALSE,con,10514,0,1165,18752,0,1829,0,29266,7314,0,0,0,0,0,0,0,0
E14000594,Brentwood & Ongar,75253,52941,con,con,FALSE,lab,29065,0,0,36308,0,1671,0,7243,7187,532,0,0,0,0,0,0,0
E14000595,Bridgwater & Somerset West,85327,57652,con,con,FALSE,lab,24439,0,0,35827,0,1877,0,11388,7805,755,0,0,0,0,0,0,0
E14000596,Brigg & Goole,65939,43402,con,con,FALSE,lab,21941,0,0,30941,0,1281,0,9.00E+03,2180,0,0,0,0,0,0,0,0
E14000597,Brighton Kemptown,69833,48533,lab,lab,FALSE,con,8061,0,1327,16972,0,2237,0,25033,2964,0,0,0,0,0,0,0,0
E14000598,Brighton Pavilion,79057,57998,grn,grn,FALSE,lab,19940,0,770,10176,0,33151,212,13211,0,301,0,0,0,0,0,177,0
E14000599,Bristol East,73867,52154,lab,lab,FALSE,con,10794,0,1881,16923,0,2106,0,27717,3527,0,0,0,0,0,0,0,0
E14000600,"Bristol, North West",76273,55885,lab,lab,FALSE,con,5692,0,0,21638,0,1977,0,27330,4940,0,0,0,0,0,0,0,0
E14000601,"Bristol, South",84079,55196,lab,lab,FALSE,con,9859,0,2325,18036,0,2713,0,27895,4227,0,0,0,0,0,0,0,0
E14000602,"Bristol, West",99253,75528,lab,lab,FALSE,grn,28219,0,869,8822,0,18809,0,47028,0,0,0,0,0,0,0,0,0
E14000603,Broadland,78151,56977,con,con,FALSE,lab,21861,0,0,33934,0,1412,0,12073,9195,363,0,0,0,0,0,0,0
E14000604,Bromley & Chislehurst,66711,45566,con,con,FALSE,lab,10891,0,0,23958,0,1546,0,13067,6621,119,0,0,0,0,0,0,0
E14000605,Bromsgrove,75079,54272,con,con,FALSE,lab,23106,0,0,34408,0,1783,0,11302,6779,0,0,0,0,0,0,0,0
E14000606,Broxbourne,73182,46706,con,con,FALSE,lab,19807,0,0,30631,0,1281,0,10824,3970,0,0,0,0,0,0,0,0
E14000607,Broxtowe,73895,55272,con,oth,TRUE,lab,5331,0,0,26602,0,1806,321,21271,0,172,0,0,0,0,0,0,0
E14000608,Buckingham,83146,63458,con,con,FALSE,lib,20411,0,1286,37035,0,0,681,7638,16624,194,0,0,0,0,0,0,0
E14000609,Burnley,64343,38984,con,lab,TRUE,lab,1352,0,3362,15720,0,739,132,14368,3501,1162,0,0,0,0,0,0,0
E14000610,Burton,75030,48738,con,con,FALSE,lab,14496,0,0,29560,0,1433,0,15064,2681,0,0,0,0,0,0,0,0
E14000611,"Bury, North",68802,46841,con,lab,TRUE,lab,105,0,1240,21660,0,802,0,21555,1584,0,0,0,0,0,0,0,0
E14000612,"Bury, South",75152,50274,con,ind,TRUE,lab,402,0,1672,22034,0,848,277,21632,2315,130,0,0,0,0,0,0,0
E14000613,Bury St. Edmunds,89644,61957,con,con,FALSE,lab,24988,0,0,37770,0,9711,1694,12782,0,0,0,0,0,0,0,0,0
E14000614,Calder Valley,79287,57793,con,con,FALSE,lab,5774,0,0,29981,0,0,0,24207,2884,721,0,0,0,0,0,0,0
E14000615,Camberwell & Peckham,89042,56492,lab,lab,FALSE,con,33780,0,1041,6478,0,3501,0,40258,5087,127,0,0,0,0,0,0,0
E14000616,Camborne & Redruth,70250,50367,con,con,FALSE,lab,8700,0,0,26764,0,1359,0,18064,3504,676,0,0,0,0,0,0,0
E14000617,Cambridge,79951,53729,lab,lab,FALSE,lib,9639,0,1041,8342,0,2164,111,25776,16137,91,0,0,0,0,0,0,0
E14000618,Cannock Chase,74813,46313,con,con,FALSE,lab,19879,0,0,31636,0,2920,0,11757,0,0,0,0,0,0,0,0,0
E14000619,Canterbury,80203,60113,lab,lab,FALSE,con,1836,0,0,27182,0,0,505,29018,3408,0,0,0,0,0,0,0,0
E14000620,Carlisle,65105,42873,con,con,FALSE,lab,8319,0,0,23659,0,0,0,15340,2829,0,0,0,0,0,0,1045,0
E14000621,Carshalton & Wallington,72926,49098,con,lib,TRUE,lib,629,0,1043,20822,0,759,0,6081,20193,200,0,0,0,0,0,0,0
E14000622,Castle Point,69643,44277,con,con,FALSE,lab,26634,0,0,33971,0,0,0,7337,2969,0,0,0,0,0,0,0,0
E14000623,"Devon, Central",74926,58072,con,con,FALSE,lab,17721,0,0,32095,0,2833,0,14374,8770,0,0,0,0,0,0,0,0
E14000624,"Suffolk, Central & North Ipswich",76201,56250,con,con,FALSE,lab,23391,0,0,35253,0,2650,0,11862,6485,0,0,0,0,0,0,0,0
E14000625,Charnwood,79556,55365,con,con,FALSE,lab,22397,0,0,35121,0,2664,0,12724,4856,0,0,0,0,0,0,0,0
E14000626,Chatham & Aylesford,71642,43340,con,con,FALSE,lab,18540,0,0,28856,0,1090,0,10316,2866,212,0,0,0,0,0,0,0
E14000627,Cheadle,74639,55903,con,con,FALSE,lib,2336,0,0,25694,0,0,0,6851,23358,0,0,0,0,0,0,0,0
E14000628,Chelmsford,80481,57122,con,con,FALSE,lib,17621,0,0,31934,0,0,0,10295,14313,580,0,0,0,0,0,0,0
E14000629,Chelsea & Fulham,67110,46821,con,con,FALSE,lib,11241,0,0,23345,0,0,0,10872,12104,500,0,0,0,0,0,0,0
E14000630,Cheltenham,81043,59357,con,con,FALSE,lib,981,0,0,28486,0,0,0,2921,27505,445,0,0,0,0,0,0,0
E14000631,Chesham & Amersham,72542,55685,con,con,FALSE,lib,16223,0,0,30850,0,3042,0,7166,14627,0,0,0,0,0,0,0,0
E14000632,Chesterfield,71030,45186,lab,lab,FALSE,con,1451,0,4771,16720,0,1148,391,18171,3985,0,0,0,0,0,0,0,0
E14000633,Chichester,85499,61243,con,con,FALSE,lib,21490,0,0,35402,0,2527,0,9069,13912,109,0,0,0,0,0,0,0
E14000634,Chingford & Woodford Green,65393,48444,con,con,FALSE,lab,1262,0,0,23481,0,0,0,22219,2744,0,0,0,0,0,0,0,0
E14000635,Chippenham,77225,57099,con,con,FALSE,lib,11288,0,0,30994,0,0,0,6399,19706,0,0,0,0,0,0,0,0
E14000636,Chipping Barnet,79960,57569,con,con,FALSE,lab,1212,0,0,25745,0,1288,0,24533,5932,71,0,0,0,0,0,0,0
E14000637,Chorley,78177,39870,spk,spk,FALSE,ind,17392,0,0,0,0,3600,9439,0,0,0,0,0,0,0,26831,0,0
E14000638,Christchurch,71521,51951,con,con,FALSE,lib,24617,0,0,33894,0,2212,0,6568,9277,0,0,0,0,0,0,0,0
E14000639,Cities of London & Westminster,63700,42723,con,con,FALSE,lib,3953,0,0,17049,0,728,0,11624,13096,101,0,0,0,0,0,0,0
E14000640,"Chester, City of",76057,54560,lab,lab,FALSE,con,6164,0,1388,20918,0,1438,0,27082,3734,0,0,0,0,0,0,0,0
E14000641,"Durham, City of",71271,48859,lab,lab,FALSE,con,5025,0,3252,15506,0,1635,0,20531,7935,0,0,0,0,0,0,0,0
E14000642,Clacton,70930,43506,con,con,FALSE,lab,24702,0,0,31438,0,1225,243,6736,2541,1099,0,0,0,0,0,0,0
E14000643,Cleethorpes,73689,46339,con,con,FALSE,lab,21418,0,0,31969,0,1284,0,10551,2535,0,0,0,0,0,0,0,0
E14000644,Colchester,82625,53373,con,con,FALSE,lab,9423,0,0,26917,0,1530,0,17494,7432,0,0,0,0,0,0,0,0
E14000645,Colne Valley,84174,60910,con,lab,TRUE,lab,5103,0,1286,29482,0,1068,102,24379,3815,548,0,0,0,0,0,230,0
E14000646,Congleton,80930,57233,con,con,FALSE,lab,18561,0,0,33747,0,1616,0,15186,6026,658,0,0,0,0,0,0,0
E14000647,Copeland,61693,42523,con,con,FALSE,lab,5842,0,0,22856,0,765,0,17014,1888,0,0,0,0,0,0,0,0
E14000648,Corby,86151,60484,con,con,FALSE,lab,10268,0,0,33410,0,0,0,23142,3932,0,0,0,0,0,0,0,0
E14000649,"Coventry, North East",76002,44444,lab,lab,FALSE,con,7692,0,2110,15720,0,1141,0,23412,2061,0,0,0,0,0,0,0,0
E14000650,"Coventry, North West",75240,47744,lab,lab,FALSE,con,208,0,1956,20710,0,1443,0,20918,2717,0,0,0,0,0,0,0,0
E14000651,"Coventry, South",70970,45044,lab,lab,FALSE,con,401,0,1432,19143,0,1092,435,19544,3398,0,0,0,0,0,0,0,0
E14000652,Crawley,74207,49899,con,con,FALSE,lab,8360,0,0,27040,0,1451,0,18680,2728,0,0,0,0,0,0,0,0
E14000653,Crewe & Nantwich,80321,54032,con,lab,TRUE,lab,8508,0,1390,28704,0,975,0,20196,2618,149,0,0,0,0,0,0,0
E14000654,"Croydon, Central",81410,54045,lab,lab,FALSE,con,5949,0,999,21175,0,1215,0,27124,3532,0,0,0,0,0,0,0,0
E14000655,"Croydon, North",88466,55609,lab,lab,FALSE,con,24673,0,839,11822,0,1629,0,36495,4476,348,0,0,0,0,0,0,0
E14000656,"Croydon, South",83977,59358,con,con,FALSE,lab,12339,0,0,30985,0,1782,0,18646,7503,0,0,0,0,0,0,442,0
E14000657,Dagenham & Rainham,71043,43735,lab,lab,FALSE,con,293,0,2887,19175,0,602,209,19468,1182,0,0,0,0,0,0,0,0
E14000658,Darlington,66395,43498,con,lab,TRUE,lab,3294,0,1544,20901,0,1057,292,17607,2097,0,0,0,0,0,0,0,0
E14000659,Dartford,82209,54022,con,con,FALSE,lab,19160,0,0,34006,0,1435,0,14846,3735,0,0,0,0,0,0,0,0
E14000660,Daventry,77493,57403,con,con,FALSE,lab,26080,0,0,37055,0,2341,0,10975,7032,0,0,0,0,0,0,0,0
E14000661,Denton & Reddish,66579,38588,lab,lab,FALSE,con,6175,0,3039,13142,0,1124,0,19317,1642,324,0,0,0,0,0,0,0
E14000662,"Derby, North",73212,47017,con,ind,TRUE,lab,2540,0,1908,21259,0,1046,635,18719,3450,0,0,0,0,0,0,0,0
E14000663,"Derby, South",73079,42462,lab,lab,FALSE,con,6019,0,2480,15671,0,0,0,21690,2621,0,0,0,0,0,0,0,0
E14000664,Derbyshire Dales,65060,50016,con,con,FALSE,lab,17381,0,0,29356,0,2058,0,11975,6627,0,0,0,0,0,0,0,0
E14000665,Devizes,73379,50954,con,con,FALSE,lib,23993,0,0,32150,0,2809,0,7838,8157,0,0,0,0,0,0,0,0
E14000666,Dewsbury,81253,56389,con,lab,TRUE,lab,1561,0,1874,26179,0,1060,0,24618,2406,252,0,0,0,0,0,0,0
E14000667,Don Valley,75356,45437,con,lab,TRUE,lab,3630,0,6247,19609,0,872,0,15979,1907,823,0,0,0,0,0,0,0
E14000668,"Doncaster, Central",71389,41581,lab,lab,FALSE,con,2278,0,6842,14360,0,981,0,16638,1748,1012,0,0,0,0,0,0,0
E14000669,"Doncaster, North",72362,40698,lab,lab,FALSE,con,2370,0,8294,13370,0,0,142,15740,1476,220,0,0,0,0,0,0,0
E14000670,Dover,76355,50701,con,ind,TRUE,lab,12278,0,0,28830,0,1371,916,16552,2895,137,0,0,0,0,0,0,0
E14000671,"Dudley, North",61936,36684,con,ind,TRUE,lab,11533,0,0,23134,0,739,0,11601,1210,0,0,0,0,0,0,0,0
E14000672,"Dudley, South",60731,36576,con,con,FALSE,lab,15565,0,0,24835,0,863,0,9270,1608,0,0,0,0,0,0,0,0
E14000673,Dulwich & West Norwood,84663,55778,lab,lab,FALSE,grn,27310,0,571,9160,0,9211,0,36521,0,242,0,0,0,0,0,73,0
E14000674,"Ealing, Central & Acton",75510,54807,lab,lab,FALSE,con,13300,0,664,14832,0,1735,0,28132,9444,0,0,0,0,0,0,0,0
E14000675,"Ealing, North",74473,49631,lab,lab,FALSE,con,12269,0,0,15767,0,1458,0,28036,4370,0,0,0,0,0,0,0,0
E14000676,Ealing Southall,64580,42217,lab,lab,FALSE,con,16084,0,867,9594,0,1688,0,25678,3933,170,0,0,0,0,0,0,0
E14000677,Easington,61182,34583,lab,lab,FALSE,con,6581,0,6744,9142,0,0,0,15723,1526,1448,0,0,0,0,0,0,0
E14000678,"Devon, East",86841,64073,con,con,FALSE,ind,6708,0,0,32577,0,711,25869,2870,1771,0,0,0,0,0,0,0,0
E14000679,East Ham,97942,54628,lab,lab,FALSE,con,33176,0,1107,8527,0,883,0,41703,2158,250,0,0,0,0,0,0,0
E14000680,"Hampshire, East",76478,56895,con,con,FALSE,lib,19696,0,0,33446,0,2600,0,6287,13750,196,0,0,0,0,0,616,0
E14000681,"Surrey, East",83148,59690,con,lib,TRUE,lib,24040,0,0,35624,0,2340,1374,8247,11584,521,0,0,0,0,0,0,0
E14000682,"Worthing, East & Shoreham",75195,53155,con,con,FALSE,lab,7441,0,0,27104,0,2006,0,19663,4127,255,0,0,0,0,0,0,0
E14000683,"Yorkshire, East ",80871,52769,con,con,FALSE,lab,22787,0,0,33988,0,1675,0,11201,4219,1686,0,0,0,0,0,0,0
E14000684,Eastbourne,79307,55134,con,lib,TRUE,lib,4331,0,1530,26951,0,0,185,3848,22620,0,0,0,0,0,0,0,0
E14000685,Eastleigh,83880,58971,con,con,FALSE,lib,15607,0,0,32690,0,1639,0,7559,17083,0,0,0,0,0,0,0,0
E14000686,Eddisbury,73700,52971,con,lib,TRUE,lab,18443,0,0,30095,0,1191,0,11652,9582,0,0,0,0,0,0,451,0
E14000687,Edmonton,65568,40341,lab,lab,FALSE,con,16015,0,840,10202,0,862,75,26217,2145,0,0,0,0,0,0,0,0
E14000688,Ellesmere Port & Neston,70327,48746,lab,lab,FALSE,con,8764,0,2138,17237,0,964,0,26001,2406,0,0,0,0,0,0,0,0
E14000689,Elmet & Rothwell,80957,58225,con,con,FALSE,lab,17353,0,0,33726,0,1775,0,16373,5155,1196,0,0,0,0,0,0,0
E14000690,Eltham,64084,43689,lab,lab,FALSE,con,3197,0,1523,17353,0,1322,0,20550,2941,0,0,0,0,0,0,0,0
E14000691,"Enfield, North",68066,45050,lab,oth,TRUE,con,6492,0,797,16848,0,1115,0,23340,2950,0,0,0,0,0,0,0,0
E14000692,Enfield Southgate,65055,47276,lab,lab,FALSE,con,4450,0,494,18473,0,1042,0,22923,4344,0,0,0,0,0,0,0,0
E14000693,Epping Forest,74305,50268,con,con,FALSE,lab,22173,0,0,32364,0,1975,0,10191,5387,170,0,0,0,0,0,0,0
E14000694,Epsom & Ewell,81138,59451,con,con,FALSE,lib,17873,0,0,31819,0,2047,1413,10226,13946,0,0,0,0,0,0,0,0
E14000695,Erewash,72519,48814,con,con,FALSE,lab,10606,0,0,27560,0,1115,188,16954,2487,0,0,0,0,0,0,0,0
E14000696,Erith & Thamesmead,65399,41384,lab,lab,FALSE,con,3758,0,2246,16124,0,876,0,19882,1984,272,0,0,0,0,0,0,0
E14000697,Esher & Walton,81184,63084,con,con,FALSE,lib,2743,0,0,31132,0,0,347,2838,28389,52,0,0,0,0,0,0,0
E14000698,Exeter,82043,56192,lab,lab,FALSE,con,10403,0,1428,19479,0,4838,306,29882,0,0,0,0,0,0,0,259,0
E14000699,Fareham,78337,57250,con,con,FALSE,lab,26086,0,0,36459,0,2412,0,10373,8006,0,0,0,0,0,0,0,0
E14000700,Faversham & Mid Kent,73404,50394,con,con,FALSE,lab,21976,0,0,31864,0,2103,369,9888,6170,0,0,0,0,0,0,0,0
E14000701,Feltham & Heston,80932,47811,lab,lab,FALSE,con,7859,0,1658,17017,0,1133,0,24876,3127,0,0,0,0,0,0,0,0
E14000702,Filton & Bradley Stoke,74016,53752,con,con,FALSE,lab,5646,0,0,26293,0,1563,0,20647,4992,257,0,0,0,0,0,0,0
E14000703,Finchley & Golders Green,77573,55109,con,con,FALSE,lib,6562,0,0,24162,0,0,0,13347,17600,0,0,0,0,0,0,0,0
E14000704,Folkestone & Hythe,88273,59005,con,con,FALSE,lab,21337,0,0,35483,0,2706,576,14146,5755,69,0,0,0,0,0,0,0
E14000705,Forest of Dean,71438,51475,con,con,FALSE,lab,15869,0,0,30680,0,4681,1303,14811,0,0,0,0,0,0,0,0,0
E14000706,Fylde,66847,46659,con,con,FALSE,lab,16611,0,0,28432,0,1731,927,11821,3748,0,0,0,0,0,0,0,0
E14000707,Gainsborough,76343,51046,con,con,FALSE,lab,22967,0,0,33893,0,0,1070,10926,5157,0,0,0,0,0,0,0,0
E14000708,Garston & Halewood,76116,53326,lab,lab,FALSE,con,31624,0,2943,6954,0,1183,0,38578,3324,344,0,0,0,0,0,0,0
E14000709,Gateshead,64449,38145,lab,lab,FALSE,con,7200,0,0,13250,0,1653,0,20450,2792,0,0,0,0,0,0,0,0
E14000710,Gedling,71438,49953,con,lab,TRUE,lab,679,0,1820,22718,0,1097,0,22039,2279,0,0,0,0,0,0,0,0
E14000711,Gillingham & Rainham,73549,45958,con,con,FALSE,lab,15119,0,0,28173,0,1043,229,13054,2503,119,0,0,0,0,0,837,0
E14000712,Gloucester,81332,53764,con,con,FALSE,lab,10277,0,0,29159,0,1385,0,18882,4338,0,0,0,0,0,0,0,0
E14000713,Gosport,73482,48453,con,con,FALSE,lab,23278,0,0,32226,0,1806,0,8948,5473,0,0,0,0,0,0,0,0
E14000714,Grantham & Stamford,81502,56003,con,ind,TRUE,lab,26003,0,0,36794,0,2265,0,10791,6153,0,0,0,0,0,0,0,0
E14000715,Gravesham,73234,47560,con,con,FALSE,lab,15581,0,0,29580,0,1397,0,13999,2584,0,0,0,0,0,0,0,0
E14000716,Great Grimsby,61409,33087,con,lab,TRUE,lab,7331,0,2378,18150,0,514,156,10819,1070,0,0,0,0,0,0,0,0
E14000717,Great Yarmouth,71957,43462,con,con,FALSE,lab,17663,0,0,28593,0,1064,429,10930,1661,631,0,0,0,0,0,0,0
E14000718,Greenwich & Woolwich,79997,53120,lab,lab,FALSE,con,18464,0,1228,11721,0,2363,125,30185,7253,245,0,0,0,0,0,0,0
E14000719,Guildford,77729,58651,con,ind,TRUE,lib,3337,0,0,26317,0,0,4356,4515,22980,483,0,0,0,0,0,0,0
E14000720,"Hackney, North & Stoke Newington",92451,56864,lab,lab,FALSE,con,33188,0,609,6784,0,4989,0,39972,4283,76,0,0,0,0,0,0,0
E14000721,"Hackney, South & Shoreditch",89380,54439,lab,lab,FALSE,con,33985,0,744,5899,0,2948,0,39884,4853,111,0,0,0,0,0,0,0
E14000722,Halesowen & Rowley Regis,68300,42345,con,con,FALSE,lab,12074,0,0,25607,0,934,111,13533,1738,0,0,0,0,0,0,0,0
E14000723,Halifax,71904,46458,lab,lab,FALSE,con,2569,0,2813,18927,0,946,0,21496,2276,0,0,0,0,0,0,0,0
E14000724,Haltemprice & Howden,71062,49779,con,con,FALSE,lab,20329,0,0,31045,0,1764,0,10716,5215,1039,0,0,0,0,0,0,0
E14000725,Halton,71930,46203,lab,lab,FALSE,con,18975,0,3730,10358,0,982,0,29333,1800,0,0,0,0,0,0,0,0
E14000726,Hammersmith,74759,51966,lab,lab,FALSE,con,17847,0,974,12227,0,1744,0,30074,6947,0,0,0,0,0,0,0,0
E14000727,Hampstead & Kilburn,82432,57385,lab,lab,FALSE,con,14188,0,684,13892,0,1608,0,28080,13121,0,0,0,0,0,0,0,0
E14000728,Harborough,79366,57319,con,con,FALSE,lab,17278,0,0,31698,0,1709,389,14420,9103,0,0,0,0,0,0,0,0
E14000729,Harlow,68078,43354,con,con,FALSE,lab,14063,0,0,27510,0,0,0,13447,2397,0,0,0,0,0,0,0,0
E14000730,Harrogate & Knaresborough,77914,56937,con,con,FALSE,lib,9675,0,0,29962,0,0,0,5480,20287,1208,0,0,0,0,0,0,0
E14000731,"Harrow, East",72120,49491,con,con,FALSE,lab,8170,0,0,26935,0,0,0,18765,3791,0,0,0,0,0,0,0,0
E14000732,"Harrow, West",72477,47922,lab,lab,FALSE,con,8692,0,931,16440,0,1109,0,25132,4310,0,0,0,0,0,0,0,0
E14000733,Hartlepool,70855,41037,lab,lab,FALSE,con,3595,0,10603,11869,0,0,911,15464,1696,494,0,0,0,0,0,0,0
E14000734,Harwich & Essex North,74153,51963,con,con,FALSE,lab,20182,0,0,31830,0,1945,263,11648,5866,0,0,0,0,0,0,0,0
E14000735,Hastings & Rye,80524,54274,con,ind,TRUE,lab,4043,0,0,26896,0,0,565,22853,3960,0,0,0,0,0,0,0,0
E14000736,Havant,72130,45959,con,con,FALSE,lab,21792,0,0,30051,0,1597,0,8259,5708,344,0,0,0,0,0,0,0
E14000737,Hayes & Harlington,72356,43994,lab,lab,FALSE,con,9261,0,1292,15284,0,739,0,24545,1947,187,0,0,0,0,0,0,0
E14000738,Hazel Grove,65457,44269,con,con,FALSE,lib,4423,0,0,21592,0,0,0,5508,17169,0,0,0,0,0,0,0,0
E14000739,Hemel Hempstead,74033,51271,con,con,FALSE,lab,14563,0,0,28968,0,1581,0,14405,6317,0,0,0,0,0,0,0,0
E14000740,Hemsworth,73726,43907,lab,lab,FALSE,con,1180,0,5930,15280,0,916,2458,16460,1734,964,0,0,0,0,0,0,0
E14000741,Hendon,82661,55075,con,con,FALSE,lab,4230,0,0,26878,0,921,0,22648,4628,0,0,0,0,0,0,0,0
E14000742,Henley,76660,58759,con,con,FALSE,lib,14053,0,0,32189,0,2736,0,5698,18136,0,0,0,0,0,0,0,0
E14000743,Hereford & Herefordshire South,72085,49646,con,con,FALSE,lab,19686,0,0,30390,0,2371,0,10704,6181,0,0,0,0,0,0,0,0
E14000744,Hertford & Stortford,82407,60094,con,con,FALSE,lab,19620,0,0,33712,0,2705,308,14092,8596,0,0,0,0,0,0,681,0
E14000745,Hertsmere,73971,52203,con,con,FALSE,lab,21313,0,0,32651,0,1653,0,11338,6561,0,0,0,0,0,0,0,0
E14000746,Hexham,61324,46150,con,con,FALSE,lab,10549,0,0,25152,0,1723,0,14603,4672,0,0,0,0,0,0,0,0
E14000747,Heywood & Middleton,80162,47488,con,lab,TRUE,lab,663,0,3952,20453,0,1220,0,19790,2073,0,0,0,0,0,0,0,0
E14000748,High Peak,74343,54173,con,lab,TRUE,lab,590,0,1177,24844,0,1148,0,24254,2750,0,0,0,0,0,0,0,0
E14000749,Hitchin & Harpenden,76321,58871,con,con,FALSE,lib,6895,0,0,27719,0,0,0,9959,20824,101,0,0,0,0,0,0,0
E14000750,Holborn & St. Pancras,87236,56786,lab,lab,FALSE,con,27763,0,1032,8878,0,2746,0,36641,7314,37,0,0,0,0,0,138,0
E14000751,Hornchurch & Upminster,80765,53974,con,con,FALSE,lab,23308,0,0,35495,0,1920,0,12187,3862,510,0,0,0,0,0,0,0
E14000752,Hornsey & Wood Green,81814,61105,lab,lab,FALSE,lib,19242,0,763,6829,0,2192,100,35126,15884,211,0,0,0,0,0,0,0
E14000753,Horsham,86730,63242,con,con,FALSE,lib,21127,0,0,35900,0,2668,0,9424,14773,477,0,0,0,0,0,0,0
E14000754,Houghton & Sunderland South,68835,39811,lab,lab,FALSE,con,3115,0,6165,13095,0,1125,0,16210,2319,0,0,0,0,0,0,897,0
E14000755,Hove,74313,56391,lab,lab,FALSE,con,17044,0,1111,15832,0,2496,150,32876,3731,195,0,0,0,0,0,0,0
E14000756,Huddersfield,65525,41882,lab,lab,FALSE,con,4937,0,1666,15572,0,1768,0,20509,2367,0,0,0,0,0,0,0,0
E14000757,Huntingdon,84657,59147,con,con,FALSE,lab,19383,0,0,32386,0,2233,304,13003,9432,0,0,0,0,0,0,0,0
E14000758,Hyndburn,70910,42406,con,lab,TRUE,lab,2951,0,2156,20565,0,845,0,17614,1226,0,0,0,0,0,0,0,0
E14000759,"Ilford, North",72963,50123,lab,lab,FALSE,con,5218,0,960,20105,0,845,0,25323,2680,210,0,0,0,0,0,0,0
E14000760,"Ilford, South",84957,53477,lab,oth,TRUE,con,24101,0,1008,10984,0,714,0,35085,1795,3891,0,0,0,0,0,0,0
E14000761,Ipswich,75525,49579,con,lab,TRUE,lab,5479,0,1432,24952,0,1283,0,19473,2439,0,0,0,0,0,0,0,0
E14000762,Isle of Wight,113021,74442,con,con,FALSE,lab,23737,0,0,41815,0,11338,795,18078,0,1542,0,0,0,0,0,0,0
E14000763,"Islington, North",75162,53805,lab,lab,FALSE,lib,26188,0,742,5483,0,4326,0,34603,8415,236,0,0,0,0,0,0,0
E14000764,"Islington, South & Finsbury",70489,47816,lab,lab,FALSE,lib,17328,0,1136,8045,0,1987,0,26897,9569,182,0,0,0,0,0,0,0
E14000765,Jarrow,65103,40736,lab,ind,TRUE,con,7120,0,4122,11243,0,831,614,18363,2360,212,0,0,0,0,0,0,0
E14000766,Keighley,72778,52600,con,lab,TRUE,lab,2218,0,850,25298,0,0,0,23080,2573,132,0,0,0,0,0,0,0
E14000767,Kenilworth & Southam,68156,52597,con,con,FALSE,lib,20353,0,0,30351,0,2351,0,9440,9998,457,0,0,0,0,0,0,0
E14000768,Kensington,64609,43762,con,lab,TRUE,lab,150,0,384,16768,0,535,0,16618,9312,70,0,0,0,0,0,0,0
E14000769,Kettering,73187,49361,con,con,FALSE,lab,16765,0,0,29787,0,1543,1642,13022,3367,0,0,0,0,0,0,0,0
E14000770,Kingston & Surbiton,81975,60846,lib,lib,FALSE,con,10489,0,788,20614,0,1038,458,6528,31103,193,0,0,0,0,0,124,0
E14000771,"Hull, East",65745,32442,lab,lab,FALSE,con,1239,0,5764,11474,0,784,0,12713,1707,0,0,0,0,0,0,0,0
E14000772,"Hull, North",65515,34203,lab,lab,FALSE,con,7593,0,4771,9440,0,875,0,17033,2084,0,0,0,0,0,0,0,0
E14000773,"Hull, West & Hessle",60409,31356,lab,lab,FALSE,con,2856,0,5638,10528,0,50,0,13384,1756,0,0,0,0,0,0,0,0
E14000774,Kingswood,68972,49314,con,con,FALSE,lab,11220,0,0,27712,0,1200,0,16492,3421,489,0,0,0,0,0,0,0
E14000775,Knowsley,84060,54938,lab,lab,FALSE,con,39942,0,3348,4432,0,1262,0,44374,1117,405,0,0,0,0,0,0,0
E14000776,Lancaster & Fleetwood,70059,45219,lab,lab,FALSE,con,2380,0,1817,18804,0,1396,0,21184,2018,0,0,0,0,0,0,0,0
E14000777,"Leeds, Central",90971,49284,lab,lab,FALSE,con,19270,0,2999,11143,0,2105,0,30413,2343,281,0,0,0,0,0,0,0
E14000778,"Leeds, East",67286,39052,lab,lab,FALSE,con,5531,0,2981,13933,0,878,0,19464,1796,0,0,0,0,0,0,0,0
E14000779,"Leeds, North East",70580,50500,lab,lab,FALSE,con,17089,0,1769,11935,0,1931,0,29024,5665,176,0,0,0,0,0,0,0
E14000780,"Leeds, North West",67741,49283,lab,lab,FALSE,con,10749,0,1304,13222,0,1389,0,23971,9397,0,0,0,0,0,0,0,0
E14000781,"Leeds, West",67727,40281,lab,lab,FALSE,con,10564,0,2685,11622,0,1274,0,22186,1787,46,0,0,0,0,0,0,0
E14000782,"Leicester, East",78432,49421,lab,lab,FALSE,con,6019,0,1243,19071,0,888,329,25090,2800,0,0,0,0,0,0,0,0
E14000783,"Leicester, South",77665,50147,lab,lab,FALSE,con,22675,0,1187,10931,0,1669,0,33606,2754,0,0,0,0,0,0,0,0
E14000784,"Leicester, West",64918,34775,lab,lab,FALSE,con,4212,0,1620,13079,0,977,0,17291,1808,0,0,0,0,0,0,0,0
E14000785,Leigh,77417,46979,con,lab,TRUE,lab,1965,0,3161,21266,0,0,551,19301,2252,0,0,0,0,0,0,448,0
E14000786,Lewes,71503,54851,con,con,FALSE,lib,2457,0,0,26268,0,1453,0,3206,23811,113,0,0,0,0,0,0,0
E14000787,"Lewisham, East",67857,44815,lab,lab,FALSE,con,17008,0,1234,9653,0,1706,43,26661,5039,277,0,0,0,0,0,0,0
E14000788,"Lewisham, West & Penge",74615,52100,lab,lab,FALSE,con,21543,0,1060,10317,0,2390,0,31860,6260,213,0,0,0,0,0,0,0
E14000789,Lewisham Deptford,80617,55368,lab,lab,FALSE,con,32913,0,789,6303,0,3085,130,39216,5774,71,0,0,0,0,0,0,0
E14000790,Leyton & Wanstead,64852,44547,lab,lab,FALSE,con,20808,0,785,8028,0,1805,427,28836,4666,0,0,0,0,0,0,0,0
E14000791,Lichfield,76751,53993,con,con,FALSE,lab,23638,0,0,34844,0,1743,568,11206,5632,0,0,0,0,0,0,0,0
E14000792,Lincoln,74778,50629,con,lab,TRUE,lab,3514,0,1079,24267,0,1195,609,20753,2422,304,0,0,0,0,0,0,0
E14000793,Liverpool Riverside,80310,52789,lab,ind,TRUE,con,37043,0,1779,4127,0,3017,0,41170,2696,0,0,0,0,0,0,0,0
E14000794,Liverpool Walton,62628,40786,lab,lab,FALSE,con,30520,0,0,4018,0,814,0,34538,756,660,0,0,0,0,0,0,0
E14000795,Liverpool Wavertree,63458,43377,lab,lib,TRUE,con,27085,0,1921,4225,0,1365,0,31310,4055,501,0,0,0,0,0,0,0
E14000796,Liverpool West Derby,65640,43989,lab,lab,FALSE,con,29984,0,2012,4133,0,605,0,34117,1296,1826,0,0,0,0,0,0,0
E14000797,Loughborough,79776,54631,con,con,FALSE,lab,7169,0,0,27954,0,1504,235,20785,4153,0,0,0,0,0,0,0,0
E14000798,Louth & Horncastle,79648,52332,con,con,FALSE,lab,28868,0,0,38021,0,0,0,9153,4114,1044,0,0,0,0,0,0,0
E14000799,Ludlow,69442,50225,con,con,FALSE,lib,23648,0,0,32185,0,1912,0,7591,8537,0,0,0,0,0,0,0,0
E14000800,"Luton, North",68185,42589,lab,ind,TRUE,con,9247,0,1215,14249,0,771,646,23496,2063,149,0,0,0,0,0,0,0
E14000801,"Luton, South",69338,42064,lab,ind,TRUE,con,8756,0,1601,13031,0,995,489,21787,0,268,0,0,0,0,0,0,0
E14000802,Macclesfield,76216,53867,con,con,FALSE,lab,10711,0,0,28292,0,2310,0,17581,5684,0,0,0,0,0,0,0,0
E14000803,Maidenhead,76668,56492,con,con,FALSE,lib,18846,0,0,32620,0,2216,0,7882,13774,0,0,0,0,0,0,0,0
E14000804,Maidstone & The Weald,76110,51680,con,con,FALSE,lab,21772,0,0,31220,0,2172,358,9448,8482,0,0,0,0,0,0,0,0
E14000805,Makerfield,74190,44259,lab,lab,FALSE,con,4740,0,5817,15214,0,1166,0,19954,2108,0,0,0,0,0,0,0,0
E14000806,Maldon,72641,50408,con,con,FALSE,lab,30041,0,0,36304,0,1851,0,6263,5990,0,0,0,0,0,0,0,0
E14000807,"Manchester, Central",94247,52289,lab,lab,FALSE,con,29089,0,2335,7734,0,1870,0,36823,3420,107,0,0,0,0,0,0,0
E14000808,Manchester Gorton,76419,44545,lab,lab,FALSE,con,30339,0,1573,4244,0,1697,0,34583,2448,0,0,0,0,0,0,0,0
E14000809,Manchester Withington,76530,52995,lab,lab,FALSE,lib,27905,0,1308,5820,0,1968,0,35902,7997,0,0,0,0,0,0,0,0
E14000810,Mansfield,77131,49273,con,con,FALSE,lab,16306,0,0,31484,0,0,527,15178,1626,458,0,0,0,0,0,0,0
E14000811,Meon Valley,75737,54829,con,con,FALSE,lib,23555,0,0,35271,0,2198,0,5644,11716,0,0,0,0,0,0,0,0
E14000812,Meriden,85368,54161,con,con,FALSE,lab,22836,0,0,34358,0,2667,0,11522,5614,0,0,0,0,0,0,0,0
E14000813,"Bedfordshire, Mid",87795,64717,con,con,FALSE,lab,24664,0,0,38692,0,2478,812,14028,8171,536,0,0,0,0,0,0,0
E14000814,"Derbyshire, Mid",67437,49356,con,con,FALSE,lab,15385,0,0,29027,0,1931,0,13642,4756,0,0,0,0,0,0,0,0
E14000815,"Dorset, Mid & Poole North",65426,48930,con,con,FALSE,lib,14898,0,0,29548,0,1330,0,3402,14650,0,0,0,0,0,0,0,0
E14000816,"Norfolk, Mid",81975,56186,con,con,FALSE,lab,22594,0,0,35051,0,0,939,12457,7739,0,0,0,0,0,0,0,0
E14000817,"Sussex, Mid",85141,62762,con,con,FALSE,lib,18197,0,0,33455,0,2234,0,11218,15258,47,0,0,0,0,0,0,0
E14000818,"Worcestershire, Mid",78221,56123,con,con,FALSE,lab,28018,0,0,37426,0,2177,0,9408,6474,638,0,0,0,0,0,0,0
E14000819,Middlesbrough,60759,32140,lab,lab,FALSE,con,8390,0,216,8812,0,546,4548,17202,816,0,0,0,0,0,0,0,0
E14000820,Middlesbrough South & Cleveland East,72339,47817,con,con,FALSE,lab,11626,0,0,28135,0,1220,0,16509,1953,0,0,0,0,0,0,0,0
E14000821,"Milton Keynes, North",91535,62543,con,con,FALSE,lab,6255,0,0,30938,0,1931,0,24683,4991,0,0,0,0,0,0,0,0
E14000822,"Milton Keynes, South",96343,64007,con,con,FALSE,lab,6944,0,0,32011,0,1495,539,25067,4688,207,0,0,0,0,0,0,0
E14000823,Mitcham & Morden,70014,45741,lab,lab,FALSE,con,16482,0,1202,11482,0,1160,0,27964,3717,216,0,0,0,0,0,0,0
E14000824,Mole Valley,74665,57110,con,con,FALSE,lib,12041,0,0,31656,0,1874,536,2965,19615,0,0,0,0,0,0,464,0
E14000825,Morecambe & Lunesdale,67397,45310,con,con,FALSE,lab,6354,0,0,23925,0,938,548,17571,2328,0,0,0,0,0,0,0,0
E14000826,Morley & Outwood,78803,51930,con,con,FALSE,lab,11267,0,0,29424,0,1107,0,18157,2285,957,0,0,0,0,0,0,0
E14000827,"New Forest, East",73552,50786,con,con,FALSE,lab,25251,0,0,32769,0,2434,0,7518,7390,675,0,0,0,0,0,0,0
E14000828,"New Forest, West",70867,50306,con,con,FALSE,lib,24403,0,0,32113,0,3888,0,6595,7710,0,0,0,0,0,0,0,0
E14000829,Newark,75855,54722,con,con,FALSE,lab,21836,0,0,34650,0,1950,0,12814,5308,0,0,0,0,0,0,0,0
E14000830,Newbury,83414,59998,con,con,FALSE,lib,16047,0,0,34431,0,2454,325,4404,18384,0,0,0,0,0,0,0,0
E14000831,"Newcastle upon Tyne, Central",57845,37474,lab,lab,FALSE,con,12278,0,2542,9290,0,1365,0,21568,2709,0,0,0,0,0,0,0,0
E14000832,"Newcastle upon Tyne, East",63796,43365,lab,lab,FALSE,con,15463,0,0,10586,0,2195,0,26049,4535,0,0,0,0,0,0,0,0
E14000833,"Newcastle upon Tyne, North",68486,46999,lab,lab,FALSE,con,5765,0,4331,15589,0,1368,0,21354,4357,0,0,0,0,0,0,0,0
E14000834,Newcastle-under-Lyme,68211,44739,con,lab,TRUE,lab,7446,0,1921,23485,0,933,0,16039,2361,0,0,0,0,0,0,0,0
E14000835,Newton Abbot,72533,52556,con,con,FALSE,lib,17501,0,0,29190,0,1508,840,9329,11689,0,0,0,0,0,0,0,0
E14000836,"Normanton, Pontefract & Castleford",84527,48259,lab,lab,FALSE,con,1276,0,8032,17021,0,0,0,18297,3147,1762,0,0,0,0,0,0,0
E14000837,"Cornwall, North",69935,51678,con,con,FALSE,lib,14752,0,0,30671,0,0,0,4516,15919,572,0,0,0,0,0,0,0
E14000838,"Devon, North",75853,55581,con,con,FALSE,lib,14813,0,0,31479,0,1759,580,5097,16666,0,0,0,0,0,0,0,0
E14000839,"Dorset, North",75956,56107,con,con,FALSE,lib,24301,0,0,35705,0,2261,0,6737,11404,0,0,0,0,0,0,0,0
E14000840,"Durham, North",66796,42195,lab,lab,FALSE,con,4742,0,4693,13897,0,1126,961,18639,2879,0,0,0,0,0,0,0,0
E14000841,"Bedfordshire, North East",90679,65018,con,con,FALSE,lab,24283,0,0,38443,0,1891,2525,14160,7999,0,0,0,0,0,0,0,0
E14000842,"Cambridgeshire, North East",83699,52964,con,con,FALSE,lab,29993,0,0,38423,0,1813,0,8430,4298,0,0,0,0,0,0,0,0
E14000843,"Derbyshire, North East",72360,49217,con,con,FALSE,lab,12876,0,0,28897,0,1278,0,16021,3021,0,0,0,0,0,0,0,0
E14000844,"Hampshire, North East",78954,59270,con,con,FALSE,lib,20211,0,0,35280,0,1754,831,5760,15069,576,0,0,0,0,0,0,0
E14000845,"Hertfordshire, North East",76123,55327,con,con,FALSE,lab,18189,0,0,31293,0,2367,0,13104,8563,0,0,0,0,0,0,0,0
E14000846,"Somerset, North East",73665,56308,con,con,FALSE,lab,14729,0,0,28360,0,1423,472,13631,12422,0,0,0,0,0,0,0,0
E14000847,"Herefordshire, North",70252,51033,con,con,FALSE,lib,24856,0,0,32158,0,4769,0,6804,7302,0,0,0,0,0,0,0,0
E14000848,"Norfolk, North",70729,50823,con,lib,TRUE,lib,14395,0,1739,29792,0,0,0,3895,15397,0,0,0,0,0,0,0,0
E14000849,"Shropshire, North",83257,56513,con,con,FALSE,lab,22949,0,0,35444,0,1790,0,12495,5643,1141,0,0,0,0,0,0,0
E14000850,"Somerset, North",80194,62055,con,con,FALSE,lab,17536,0,0,32801,0,2938,0,15265,11051,0,0,0,0,0,0,0,0
E14000851,"Swindon, North",82441,55115,con,con,FALSE,lab,16171,0,0,32584,0,1710,0,16413,4408,0,0,0,0,0,0,0,0
E14000852,"Thanet, North",72811,48178,con,con,FALSE,lab,17189,0,0,30066,0,1796,0,12877,3439,0,0,0,0,0,0,0,0
E14000853,"Tyneside, North",78902,50429,lab,lab,FALSE,con,9561,0,5254,15490,0,1393,0,25051,3241,0,0,0,0,0,0,0,0
E14000854,"Warwickshire, North",70271,45914,con,con,FALSE,lab,17956,0,0,30249,0,1303,0,12293,2069,0,0,0,0,0,0,0,0
E14000855,"Cambridgeshire, North West",94909,64533,con,con,FALSE,lab,25983,0,0,40307,0,3021,0,14324,6881,0,0,0,0,0,0,0,0
E14000856,"Durham, North West",72166,47663,con,lab,TRUE,lab,1144,0,3193,19990,0,1173,1216,18846,2831,0,0,0,0,0,0,0,0
E14000857,"Hampshire, North West",83083,58918,con,con,FALSE,lib,26308,0,0,36591,0,2717,0,9327,10283,0,0,0,0,0,0,0,0
E14000858,"Leicestershire, North West",78935,53821,con,con,FALSE,lab,20400,0,0,33811,0,2478,367,13411,3614,140,0,0,0,0,0,0,0
E14000859,"Norfolk, North West",72080,46602,con,con,FALSE,lab,19922,0,0,30627,0,1645,0,10705,3625,0,0,0,0,0,0,0,0
E14000860,"Wiltshire, North",73283,54758,con,con,FALSE,lib,17626,0,0,32373,0,1939,0,5699,14747,0,0,0,0,0,0,0,0
E14000861,"Northampton, North",59265,39539,con,con,FALSE,lab,5507,0,0,21031,0,953,0,15524,2031,0,0,0,0,0,0,0,0
E14000862,"Northampton, South",62712,40835,con,con,FALSE,lab,4697,0,0,20914,0,1222,0,16217,2482,0,0,0,0,0,0,0,0
E14000863,"Norwich, North",67172,46285,con,con,FALSE,lab,4738,0,0,23397,0,1078,0,18659,2663,0,0,0,0,0,0,488,0
E14000864,"Norwich, South",77845,51673,lab,lab,FALSE,con,12760,0,1656,15006,0,2469,0,27766,4776,0,0,0,0,0,0,0,0
E14000865,"Nottingham, East",66262,40004,lab,oth,TRUE,con,17393,0,1343,8342,0,1183,0,25735,1954,1447,0,0,0,0,0,0,0
E14000866,"Nottingham, North",66495,35320,lab,lab,FALSE,con,4490,0,2686,12847,0,868,0,17337,1582,0,0,0,0,0,0,0,0
E14000867,"Nottingham, South",79485,48134,lab,lab,FALSE,con,12568,0,2012,14018,0,1583,0,26586,3935,0,0,0,0,0,0,0,0
E14000868,Nuneaton,70226,45190,con,con,FALSE,lab,13144,0,0,27390,0,1692,0,14246,1862,0,0,0,0,0,0,0,0
E14000869,Old Bexley & Sidcup,66104,46145,con,con,FALSE,lab,18952,0,0,29786,0,1477,0,10834,3822,226,0,0,0,0,0,0,0
E14000870,"Oldham, East & Saddleworth",72173,46164,lab,lab,FALSE,con,1499,0,2980,18589,0,778,233,20088,2423,1073,0,0,0,0,0,0,0
E14000871,"Oldham, West & Royton",73063,44434,lab,lab,FALSE,con,11127,0,3316,13452,0,681,0,24579,1484,533,0,0,0,0,0,389,0
E14000872,Orpington,68884,48721,con,con,FALSE,lab,22378,0,0,30882,0,1783,0,8504,7552,0,0,0,0,0,0,0,0
E14000873,"Oxford, East",77947,49359,lab,lab,FALSE,con,17832,0,1146,10303,0,2392,118,28135,6884,0,0,0,0,0,0,0,0
E14000874,"Oxford, West & Abingdon",76953,58824,lib,lib,FALSE,con,8943,0,829,22397,0,0,0,4258,31340,0,0,0,0,0,0,0,0
E14000875,Pendle,65289,44460,con,con,FALSE,lab,6186,0,0,24076,0,678,268,17890,1548,0,0,0,0,0,0,0,0
E14000876,Penistone & Stocksbridge,70925,49520,con,lib,TRUE,lab,7210,0,4300,23688,0,0,0,16478,5054,0,0,0,0,0,0,0,0
E14000877,Penrith & The Border,67555,47824,con,ind,TRUE,lab,18519,0,0,28875,0,2159,0,10356,5364,1070,0,0,0,0,0,0,0
E14000878,Peterborough,72560,47801,con,lab,TRUE,lab,2580,0,2127,22334,0,728,260,19754,2334,113,0,0,0,0,0,0,0
E14000879,Plymouth Moor View,69430,44239,con,con,FALSE,lab,12897,0,0,26831,0,1173,0,13934,2301,0,0,0,0,0,0,0,0
E14000880,Plymouth Sutton & Devonport,77852,53176,lab,lab,FALSE,con,4757,0,2909,20704,0,1557,0,25461,2545,0,0,0,0,0,0,0,0
E14000881,Poole,73992,50451,con,con,FALSE,lab,19116,0,0,29599,0,1702,848,10483,7819,0,0,0,0,0,0,0,0
E14000882,Poplar & Limehouse,91760,61276,lab,lab,FALSE,con,28904,0,1493,9756,0,2159,376,38660,8832,0,0,0,0,0,0,0,0
E14000883,"Portsmouth, North",71299,45910,con,con,FALSE,lab,15780,0,0,28172,0,1304,0,12392,3419,623,0,0,0,0,0,0,0
E14000884,"Portsmouth, South",74186,47425,lab,lab,FALSE,con,5363,0,994,17705,0,0,0,23068,5418,240,0,0,0,0,0,0,0
E14000885,Preston,59672,33790,lab,lab,FALSE,con,12146,0,1799,8724,0,660,0,20870,1737,0,0,0,0,0,0,0,0
E14000886,Pudsey,73212,54215,con,con,FALSE,lab,3517,0,0,26453,0,894,0,22936,3088,844,0,0,0,0,0,0,0
E14000887,Putney,65542,50467,lab,ind,TRUE,con,4774,0,0,18006,0,1133,0,22780,8548,0,0,0,0,0,0,0,0
E14000888,Rayleigh & Wickford,78959,54901,con,con,FALSE,lab,3.10E+04,0,0,39864,0,2002,0,8864,4171,0,0,0,0,0,0,0,0
E14000889,"Reading, East",77465,55918,lab,lab,FALSE,con,5924,0,852,21178,0,1549,0,27102,5035,202,0,0,0,0,0,0,0
E14000890,"Reading, West",74623,50392,con,con,FALSE,lab,4117,0,0,24393,0,1263,0,20276,4460,0,0,0,0,0,0,0,0
E14000891,Redcar,65855,40842,con,lab,TRUE,lab,3527,0,2915,18811,0,491,1323,15284,2018,0,0,0,0,0,0,0,0
E14000892,Redditch,65391,44067,con,con,FALSE,lab,16036,0,0,27907,0,1384,0,11871,2905,0,0,0,0,0,0,0,0
E14000893,Reigate,74842,53156,con,con,FALSE,lab,18310,0,0,28665,0,3169,0,10355,10320,0,0,0,0,0,0,647,0
E14000894,Ribble Valley,79247,55284,con,con,FALSE,lab,18439,0,0,33346,0,1704,551,14907,4776,0,0,0,0,0,0,0,0
E14000895,Richmond (Yorks),82601,57703,con,con,FALSE,lab,27210,0,0,36693,0,2500,961,9483,6989,1077,0,0,0,0,0,0,0
E14000896,Richmond Park,82696,65067,lib,con,TRUE,con,7766,0,0,26793,0,0,61,3407,34559,0,0,0,0,0,0,0,0
E14000897,Rochdale,78909,47447,lab,lab,FALSE,con,9668,0,3867,14807,0,986,0,24475,3312,0,0,0,0,0,0,0,0
E14000898,Rochester & Strood,82056,51926,con,con,FALSE,lab,17072,0,0,31151,0,1312,587,14079,3717,0,0,0,0,0,0,1080,0
E14000899,Rochford & Southend East,75624,46136,con,con,FALSE,lab,12286,0,0,27063,0,0,1107,14777,2822,367,0,0,0,0,0,0,0
E14000900,Romford,72350,47231,con,con,FALSE,lab,17893,0,0,30494,0,1428,0,12601,2708,0,0,0,0,0,0,0,0
E14000901,Romsey & Southampton North,68228,51390,con,con,FALSE,lib,10872,0,0,27862,0,0,0,5898,16990,0,0,0,0,0,0,640,0
E14000902,Rossendale & Darwen,72771,48822,con,con,FALSE,lab,9522,0,0,27570,0,1193,0,18048,2011,0,0,0,0,0,0,0,0
E14000903,Rother Valley,74802,48698,con,lab,TRUE,lab,6318,0,6264,21970,0,1219,1040,15652,2553,0,0,0,0,0,0,0,0
E14000904,Rotherham,61688,35651,lab,lab,FALSE,con,3121,0,6125,11615,0,0,0,14736,2090,1085,0,0,0,0,0,0,0
E14000905,Rugby,72340,50814,con,con,FALSE,lab,13447,0,0,29255,0,1544,0,15808,4207,0,0,0,0,0,0,0,0
E14000906,"Ruislip, Northwood & Pinner",73191,52904,con,con,FALSE,lab,16394,0,0,29391,0,1646,264,12997,7986,325,0,0,0,0,0,0,0
E14000907,Runnymede & Weybridge,77196,53289,con,ind,TRUE,lab,18270,0,0,29262,0,1876,670,10992,9236,0,0,0,0,0,0,476,0
E14000908,Rushcliffe,77055,60505,con,ind,TRUE,lab,7643,0,0,28765,0,0,427,21122,9600,0,0,0,0,0,0,591,0
E14000909,Rutland & Melton,82711,58310,con,con,FALSE,lab,26924,0,0,36507,0,2875,458,9583,7970,0,0,0,0,0,0,917,0
E14000910,Saffron Walden,87017,63086,con,con,FALSE,lib,27594,0,0,39714,0,2947,0,8305,12120,0,0,0,0,0,0,0,0
E14000911,Salford & Eccles,82202,50632,lab,lab,FALSE,con,16327,0,4290,12428,0,2060,0,28755,3099,0,0,0,0,0,0,0,0
E14000912,Salisbury,74560,53730,con,con,FALSE,lib,19736,0,0,30280,0,2486,745,9675,10544,0,0,0,0,0,0,0,0
E14000913,Scarborough & Whitby,74393,49724,con,con,FALSE,lab,10270,0,0,27593,0,0,0,17323,3038,1770,0,0,0,0,0,0,0
E14000914,Scunthorpe,61955,37750,con,lab,TRUE,lab,6451,0,2044,20306,0,670,0,13855,875,0,0,0,0,0,0,0,0
E14000915,Sedgefield,64325,41566,con,lab,TRUE,lab,4513,0,3518,19609,0,994,394,15096,1955,0,0,0,0,0,0,0,0
E14000916,"Sefton, Central",69760,50880,lab,lab,FALSE,con,15122,0,2425,14132,0,1261,0,29254,3386,285,0,0,0,0,0,0,0
E14000917,Selby & Ainsty,78715,56418,con,con,FALSE,lab,20137,0,0,33995,0,1823,0,13858,4842,1900,0,0,0,0,0,0,0
E14000918,Sevenoaks,71777,50956,con,con,FALSE,lib,20818,0,0,30932,0,1974,695,6946,10114,295,0,0,0,0,0,0,0
E14000919,"Sheffield, Central",89849,50913,lab,lab,FALSE,con,27273,0,1969,6695,0,4570,30,33968,3237,28,0,0,0,0,0,0,0
E14000920,"Sheffield, South East",67832,41998,lab,lab,FALSE,con,4289,0,4478,15070,0,0,0,19359,2125,966,0,0,0,0,0,0,0
E14000921,Sheffield Brightside & Hillsborough,69333,39600,lab,lab,FALSE,con,12274,0,3855,10095,0,1179,0,22369,1517,0,0,0,0,0,0,585,0
E14000922,Sheffield Hallam,72763,56885,lab,ind,TRUE,lib,712,0,1562,14696,0,1630,123,19709,18997,0,0,0,0,0,0,168,0
E14000923,Sheffield Heeley,66940,42695,lab,lab,FALSE,con,8520,0,3538,12955,0,1811,0,21475,2916,0,0,0,0,0,0,0,0
E14000924,Sherwood,77948,52709,con,con,FALSE,lab,16186,0,0,32049,0,1214,700,15863,2883,0,0,0,0,0,0,0,0
E14000925,Shipley,74029,54004,con,con,FALSE,lab,6242,0,0,27437,0,1301,0,21195,3188,883,0,0,0,0,0,0,0
E14000926,Shrewsbury & Atcham,82237,59065,con,con,FALSE,lab,11217,0,0,31021,0,1762,572,19804,5906,0,0,0,0,0,0,0,0
E14000927,Sittingbourne & Sheppey,83917,51394,con,con,FALSE,lab,24479,0,0,34742,0,1188,327,10263,3213,404,0,0,0,0,0,0,0
E14000928,Skipton & Ripon,78673,58724,con,con,FALSE,lab,23694,0,0,34919,0,2748,0,11225,8701,1131,0,0,0,0,0,0,0
E14000929,Sleaford & North Hykeham,94761,66554,con,con,FALSE,lab,32565,0,0,44683,0,1742,657,12118,5355,1999,0,0,0,0,0,0,0
E14000930,Slough,87632,51038,lab,lab,FALSE,con,13640,0,1432,15781,0,1047,0,29421,3357,0,0,0,0,0,0,0,0
E14000931,Solihull,78760,55344,con,con,FALSE,lab,21273,0,0,32309,0,2022,0,11036,9977,0,0,0,0,0,0,0,0
E14000932,Somerton & Frome,85866,64896,con,con,FALSE,lib,19213,0,0,36230,0,3295,0,8354,17017,0,0,0,0,0,0,0,0
E14000933,"Basildon, South & Thurrock East",74441,45297,con,con,FALSE,lab,19922,0,0,29973,0,0,3316,10051,1957,0,0,0,0,0,0,0,0
E14000934,"Cambridgeshire, South",87288,66929,con,lib,TRUE,lib,2904,0,0,31015,0,0,0,7803,28111,0,0,0,0,0,0,0,0
E14000935,"Derbyshire, South",79365,53381,con,con,FALSE,lab,19335,0,0,33502,0,1788,0,14167,3924,0,0,0,0,0,0,0,0
E14000936,"Dorset, South",72924,51058,con,con,FALSE,lab,17153,0,0,30024,0,2246,485,12871,5432,0,0,0,0,0,0,0,0
E14000937,"Cambridgeshire, South East",86769,64385,con,con,FALSE,lib,11490,0,0,32187,0,0,1009,10492,20697,0,0,0,0,0,0,0,0
E14000938,"Cornwall, South East",71825,53655,con,con,FALSE,lab,20971,0,0,31807,0,1493,0,10836,8650,869,0,0,0,0,0,0,0
E14000939,South Holland & The Deepings,75990,49179,con,con,FALSE,lab,30838,0,0,37338,0,1613,503,6500,3225,0,0,0,0,0,0,0,0
E14000940,"Leicestershire, South",80520,57469,con,con,FALSE,lab,24004,0,0,36791,0,2439,0,12787,5452,0,0,0,0,0,0,0,0
E14000941,"Norfolk, South",86214,62484,con,con,FALSE,lab,21275,0,0,36258,0,2499,0,14983,8744,0,0,0,0,0,0,0,0
E14000942,"Northamptonshire, South",90840,66908,con,con,FALSE,lab,27761,0,0,41755,0,2634,463,13994,7891,171,0,0,0,0,0,0,0
E14000943,"Ribble, South",75344,53784,con,con,FALSE,lab,11199,0,0,30028,0,1207,0,18829,3720,0,0,0,0,0,0,0,0
E14000944,South Shields,62793,37882,lab,lab,FALSE,con,9585,0,6446,7688,0,1303,3658,17273,1514,0,0,0,0,0,0,0,0
E14000945,"Staffordshire, South",73692,50005,con,con,FALSE,lab,28250,0,0,36520,0,1935,0,8270,3280,0,0,0,0,0,0,0,0
E14000946,"Suffolk, South",76201,53495,con,con,FALSE,lab,22903,0,0,33276,0,3144,0,10373,6702,0,0,0,0,0,0,0,0
E14000947,"Swindon, South",73118,50746,con,con,FALSE,lab,6625,0,0,26536,0,0,0,19911,4299,0,0,0,0,0,0,0,0
E14000948,"Thanet, South",73302,48257,con,con,FALSE,lab,10587,0,0,27084,0,1949,0,16497,2727,0,0,0,0,0,0,0,0
E14000949,"Bedfordshire, South West",79926,53307,con,con,FALSE,lab,18583,0,0,32212,0,2031,0,13629,5435,0,0,0,0,0,0,0,0
E14000950,"Devon, South West",72535,53367,con,con,FALSE,lab,21430,0,0,33286,0,2018,0,11856,6207,0,0,0,0,0,0,0,0
E14000951,"Hertfordshire, South West",80449,61191,con,ind,TRUE,ind,14408,0,0,30327,0,1466,15919,7228,6251,0,0,0,0,0,0,0,0
E14000952,"Norfolk, South West",78455,51466,con,con,FALSE,lab,26195,0,0,35507,0,1645,0,9312,4166,836,0,0,0,0,0,0,0
E14000953,"Surrey, South West",79129,60340,con,con,FALSE,lib,8817,0,0,32191,0,0,0,4775,23374,0,0,0,0,0,0,0,0
E14000954,"Wiltshire, South West",77970,54895,con,con,FALSE,lab,21630,0,0,33038,0,2434,0,11408,8015,0,0,0,0,0,0,0,0
E14000955,Southampton Itchen,72293,47421,con,con,FALSE,lab,4498,0,0,23952,0,1040,0,19454,2503,0,0,0,0,0,0,472,0
E14000956,Southampton Test,70113,44994,lab,lab,FALSE,con,6213,0,1591,16043,0,1433,0,22256,3449,222,0,0,0,0,0,0,0
E14000957,"Southend, West",69043,46537,con,con,FALSE,lab,14459,0,0,27555,0,0,574,13096,5312,0,0,0,0,0,0,0,0
E14000958,Southport,70837,48180,con,con,FALSE,lab,4147,0,0,22914,0,0,0,18767,6499,0,0,0,0,0,0,0,0
E14000959,Spelthorne,70929,49510,con,con,FALSE,lab,18393,0,0,29141,0,2122,0,10748,7499,0,0,0,0,0,0,0,0
E14000960,St. Albans,73721,57599,lib,con,TRUE,con,6293,0,0,22574,0,1004,0,5.00E+03,28867,154,0,0,0,0,0,0,0
E14000961,St. Austell & Newquay,79930,55776,con,con,FALSE,lab,16526,0,0,31273,0,1609,0,14747,5861,1660,0,0,0,0,0,0,0
E14000962,"St. Helens, North",75593,47561,lab,lab,FALSE,con,12209,0,5396,12661,0,1966,0,24870,2668,0,0,0,0,0,0,0,0
E14000963,"St. Helens, South & Whiston",79058,50313,lab,lab,FALSE,con,19122,0,5353,10335,0,2282,0,29457,2886,0,0,0,0,0,0,0,0
E14000964,St. Ives,68795,51399,con,con,FALSE,lib,4284,0,0,25365,0,954,0,3553,21081,132,0,0,0,0,0,0,0
E14000965,Stafford,72572,51149,con,con,FALSE,lab,14377,0,0,29992,0,2367,0,15615,3175,0,0,0,0,0,0,0,0
E14000966,Staffordshire Moorlands,65485,43656,con,con,FALSE,lab,16428,0,0,28192,0,1231,0,11764,2469,0,0,0,0,0,0,0,0
E14000967,Stalybridge & Hyde,73873,42368,lab,lab,FALSE,con,2946,0,3591,16079,0,1411,0,19025,1827,435,0,0,0,0,0,0,0
E14000968,Stevenage,71562,47683,con,con,FALSE,lab,8562,0,0,25328,0,1457,0,16766,4132,0,0,0,0,0,0,0,0
E14000969,Stockport,65457,41715,lab,oth,TRUE,con,10039,0,1918,11656,0,1403,0,21695,5043,0,0,0,0,0,0,0,0
E14000970,"Stockton, North",66676,41156,lab,lab,FALSE,con,1027,0,3907,16701,0,0,0,17728,1631,1189,0,0,0,0,0,0,0
E14000971,"Stockton, South",76895,54802,con,lab,TRUE,lab,5260,0,2196,27764,0,0,0,22504,2338,0,0,0,0,0,0,0,0
E14000972,"Stoke-on-Trent, Central",55424,32070,con,lab,TRUE,lab,670,0,1691,14557,0,819,0,13887,1116,0,0,0,0,0,0,0,0
E14000973,"Stoke-on-Trent, North",84357,40134,con,lab,TRUE,lab,6286,0,2374,20974,0,508,322,14688,1268,0,0,0,0,0,0,0,0
E14000974,"Stoke-on-Trent, South",64499,39604,con,con,FALSE,lab,11271,0,0,24632,0,0,0,13361,1611,0,0,0,0,0,0,0,0
E14000975,Stone,69378,49843,con,con,FALSE,lab,19945,0,0,31687,0,2002,0,11742,4412,0,0,0,0,0,0,0,0
E14000976,Stourbridge,69891,45689,con,con,FALSE,lab,13571,0,0,27534,0,1048,621,13963,2523,0,0,0,0,0,0,0,0
E14000977,Stratford-on-Avon,74038,55048,con,con,FALSE,lib,19972,0,0,33343,0,2112,0,6222,13371,0,0,0,0,0,0,0,0
E14000978,Streatham,84788,56513,lab,lib,TRUE,lib,17690,0,624,9060,0,2567,0,30976,13286,0,0,0,0,0,0,0,0
E14000979,Stretford & Urmston,72356,50067,lab,lab,FALSE,con,16417,0,1768,13778,0,1357,0,30195,2969,0,0,0,0,0,0,0,0
E14000980,Stroud,84534,65930,con,lab,TRUE,lab,3840,0,1085,31582,0,4954,0,27742,0,567,0,0,0,0,0,0,0
E14000981,"Suffolk, Coastal",81910,58308,con,con,FALSE,lab,20533,0,0,32958,0,2713,1493,12425,8719,0,0,0,0,0,0,0,0
E14000982,"Sunderland, Central",72677,43476,lab,lab,FALSE,con,2964,0,5047,15372,0,1212,484,18336,3025,0,0,0,0,0,0,0,0
E14000983,Surrey Heath,81349,58654,con,con,FALSE,lib,18349,0,0,34358,0,2252,0,5407,16009,0,0,0,0,0,0,628,0
E14000984,Sutton & Cheam,71760,50487,con,con,FALSE,lib,8351,0,0,25235,0,1168,0,7200,16884,0,0,0,0,0,0,0,0
E14000985,Sutton Coldfield,75638,52325,con,con,FALSE,lab,19272,0,0,31604,0,2031,0,12332,6358,0,0,0,0,0,0,0,0
E14000986,Tamworth,71580,46056,con,con,FALSE,lab,19634,0,0,30542,0,935,431,10908,2426,0,0,0,0,0,0,814,0
E14000987,Tatton,69018,48967,con,con,FALSE,lab,17387,0,0,28277,0,2088,0,10890,7712,0,0,0,0,0,0,0,0
E14000988,Taunton Deane,88675,63733,con,con,FALSE,lib,11700,0,0,34164,0,0,2390,4715,22464,0,0,0,0,0,0,0,0
E14000989,Telford,68921,42825,con,con,FALSE,lab,10941,0,0,25546,0,0,0,14605,2674,0,0,0,0,0,0,0,0
E14000990,Tewkesbury,83958,61140,con,con,FALSE,lib,22410,0,0,35728,0,2784,0,9310,13318,0,0,0,0,0,0,0,0
E14000991,"Cotswolds, The",81939,61176,con,con,FALSE,lib,20214,0,0,35484,0,3312,0,7110,15270,0,0,0,0,0,0,0,0
E14000992,"Wrekin, The",70693,48890,con,con,FALSE,lab,18726,0,0,31029,0,1491,0,12303,4067,0,0,0,0,0,0,0,0
E14000993,Thirsk & Malton,80979,56588,con,con,FALSE,lab,25154,0,0,35634,0,2263,245,10480,6774,127,0,0,0,0,0,0,0
E14000994,Thornbury & Yate,69492,52243,con,con,FALSE,lib,12369,0,0,30202,0,0,0,4208,17833,0,0,0,0,0,0,0,0
E14000995,Thurrock,79655,47467,con,con,FALSE,lab,11482,0,0,27795,0,807,1042,16313,1510,0,0,0,0,0,0,0,0
E14000996,Tiverton & Honiton,82953,59613,con,con,FALSE,lab,24239,0,0,35893,0,2291,0,11654,8807,0,0,0,0,0,0,968,0
E14000997,Tonbridge & Malling,77380,57003,con,con,FALSE,lib,26941,0,0,35784,0,4090,0,8286,8843,0,0,0,0,0,0,0,0
E14000998,Tooting,76933,58473,lab,lab,FALSE,con,14307,0,462,16504,0,2314,0,30811,8305,77,0,0,0,0,0,0,0
E14000999,Torbay,75054,50426,con,con,FALSE,lib,17749,0,0,29863,0,1239,648,6562,12114,0,0,0,0,0,0,0,0
E14001000,"Devon, West & Torridge",79831,59730,con,con,FALSE,lib,24992,0,0,35904,0,2077,547,10290,10912,0,0,0,0,0,0,0,0
E14001001,Totnes,69863,52182,con,lib,TRUE,lib,12724,0,0,27751,0,0,0,8860,15027,544,0,0,0,0,0,0,0
E14001002,Tottenham,75740,46856,lab,lab,FALSE,con,30175,0,527,5446,0,1873,0,35621,3168,88,0,0,0,0,0,0,0
E14001003,Truro & Falmouth,76719,59190,con,con,FALSE,lab,4561,0,0,27237,0,1714,0,22676,7150,413,0,0,0,0,0,0,0
E14001004,Tunbridge Wells,74816,54650,con,con,FALSE,lib,14645,0,0,30119,0,0,471,8098,15474,0,0,0,0,0,0,0,0
E14001005,Twickenham,84901,64503,lib,lib,FALSE,con,14121,0,816,22045,0,0,0,5476,36166,0,0,0,0,0,0,0,0
E14001006,Tynemouth,77261,56034,lab,lab,FALSE,con,4857,0,1963,22071,0,1281,0,26928,3791,0,0,0,0,0,0,0,0
E14001007,Uxbridge & Ruislip South,70369,48187,con,con,FALSE,lab,7210,0,0,25351,0,1090,44,18141,3026,23,0,0,0,0,0,283,0
E14001008,Vauxhall,88647,56333,lab,lab,FALSE,lib,19612,0,641,9422,0,2516,136,31615,12003,0,0,0,0,0,0,0,0
E14001009,Wakefield,70192,45027,con,lab,TRUE,lab,3358,0,2725,21283,0,0,454,17925,1772,868,0,0,0,0,0,0,0
E14001010,Wallasey,66310,46492,lab,lab,FALSE,con,18322,0,2037,11579,0,1132,0,29901,1843,0,0,0,0,0,0,0,0
E14001011,"Walsall, North",67177,36556,con,con,FALSE,lab,11965,0,0,23334,0,617,0,11369,1236,0,0,0,0,0,0,0,0
E14001012,"Walsall, South",68024,42472,lab,lab,FALSE,con,3456,0,1660,17416,0,634,288,20872,1602,0,0,0,0,0,0,0,0
E14001013,Walthamstow,70268,48335,lab,lab,FALSE,con,30862,0,768,5922,0,1733,0,36784,2874,254,0,0,0,0,0,0,0
E14001014,Wansbeck,63339,40509,lab,lab,FALSE,con,814,0,3141,16310,0,1217,0,17124,2539,178,0,0,0,0,0,0,0
E14001015,Wantage,90875,67173,con,con,FALSE,lib,12653,0,0,34085,0,0,1475,10181,21432,0,0,0,0,0,0,0,0
E14001016,Warley,62421,37239,lab,lab,FALSE,con,11511,0,2469,10390,0,891,0,21901,1588,0,0,0,0,0,0,0,0
E14001017,"Warrington, North",72235,46667,lab,lab,FALSE,con,1509,0,2626,19102,0,1257,0,20611,3071,0,0,0,0,0,0,0,0
E14001018,"Warrington, South",86015,61899,con,lab,TRUE,lab,2010,0,1635,28187,0,0,0,26177,5732,168,0,0,0,0,0,0,0
E14001019,Warwick & Leamington,76373,54205,lab,lab,FALSE,con,789,0,807,22929,0,1536,153,23718,4995,67,0,0,0,0,0,0,0
E14001020,Washington & Sunderland West,66278,37513,lab,lab,FALSE,con,3723,0,5439,12218,0,1005,0,15941,2071,0,0,0,0,0,0,839,0
E14001021,Watford,83359,58065,con,con,FALSE,lab,4433,0,0,26421,0,0,0,21988,9323,333,0,0,0,0,0,0,0
E14001022,Waveney,82791,51129,con,con,FALSE,lab,18002,0,0,31778,0,2727,0,13776,2603,245,0,0,0,0,0,0,0
E14001023,Wealden,83038,60907,con,con,FALSE,lib,25655,0,0,37043,0,3099,0,9377,11388,0,0,0,0,0,0,0,0
E14001024,Weaver Vale,70551,50713,lab,lab,FALSE,con,562,0,1380,22210,0,1051,0,22772,3300,0,0,0,0,0,0,0,0
E14001025,Wellingborough,80764,51913,con,con,FALSE,lab,18540,0,0,32277,0,1821,0,13737,4078,0,0,0,0,0,0,0,0
E14001026,Wells,84124,61295,con,con,FALSE,lib,9991,0,0,33336,0,0,373,4034,23345,207,0,0,0,0,0,0,0
E14001027,Welwyn Hatfield,74892,52053,con,con,FALSE,lab,10955,0,0,27394,0,1618,0,16439,6602,0,0,0,0,0,0,0,0
E14001028,Wentworth & Dearne,74536,41557,lab,lab,FALSE,con,2165,0,7019,14577,0,0,0,16742,1705,313,0,0,0,0,0,0,0
E14001029,West Bromwich East,62111,35975,con,lab,TRUE,lab,1593,0,1475,16804,0,627,489,15211,1313,56,0,0,0,0,0,0,0
E14001030,West Bromwich West,64576,34459,con,lab,TRUE,lab,3799,0,1841,17419,0,664,0,13620,915,0,0,0,0,0,0,0,0
E14001031,"Dorset, West",80963,60925,con,ind,TRUE,lib,14106,0,0,33589,0,2124,0,5729,19483,0,0,0,0,0,0,0,0
E14001032,West Ham,97942,60200,lab,lab,FALSE,con,32388,0,1679,9793,0,1780,0,42181,4161,143,0,0,0,0,0,0,0
E14001033,"Lancashire, West",73346,52663,lab,lab,FALSE,con,8336,0,2275,19122,0,1248,0,27458,2560,0,0,0,0,0,0,0,0
E14001034,"Suffolk, West",80192,51437,con,con,FALSE,lab,23194,0,0,33842,0,2262,0,10648,4685,0,0,0,0,0,0,0,0
E14001035,"Worcestershire, West",76267,57530,con,con,FALSE,lib,24499,0,0,34909,0,2715,0,9496,10410,0,0,0,0,0,0,0,0
E14001036,"Westminster, North",65519,42911,lab,lab,FALSE,con,10759,0,418,12481,0,1064,0,23240,5593,115,0,0,0,0,0,0,0
E14001037,Westmorland & Lonsdale,67789,52712,lib,lib,FALSE,con,1934,0,763,23861,0,0,0,2293,25795,0,0,0,0,0,0,0,0
E14001038,Weston-Super-Mare,82526,55614,con,con,FALSE,lab,17121,0,0,31983,0,1834,0,14862,6935,0,0,0,0,0,0,0,0
E14001039,Wigan,75680,45042,lab,lab,FALSE,con,6728,0,5959,14314,0,1299,0,21042,2428,0,0,0,0,0,0,0,0
E14001040,Wimbledon,68232,53027,con,con,FALSE,lib,628,0,0,20373,0,0,366,12543,19745,0,0,0,0,0,0,0,0
E14001041,Winchester,75582,58890,con,con,FALSE,lib,985,0,0,28430,0,0,0,2723,27445,292,0,0,0,0,0,0,0
E14001042,Windsor,75038,53750,con,con,FALSE,lib,20079,0,0,31501,0,1796,376,8147,11422,0,0,0,0,0,0,0,0
E14001043,"Wirral, South",57280,43547,lab,lab,FALSE,con,6105,0,1219,16179,0,948,0,22284,2917,0,0,0,0,0,0,0,0
E14001044,"Wirral, West",55550,42918,lab,lab,FALSE,con,3003,0,860,17692,0,965,0,20695,2706,0,0,0,0,0,0,0,0
E14001045,Witham,70402,49344,con,con,FALSE,lab,24082,0,0,32876,0,3090,0,8794,4584,0,0,0,0,0,0,0,0
E14001046,Witney,83845,61305,con,con,FALSE,lib,15177,0,0,33856,0,0,0,8770,18679,0,0,0,0,0,0,0,0
E14001047,Woking,75455,53937,con,con,FALSE,lib,9767,0,0,26396,0,1485,0,8827,16629,0,0,0,0,0,0,600,0
E14001048,Wokingham,83957,61997,con,con,FALSE,lib,7383,0,0,30734,0,1382,0,6450,23351,80,0,0,0,0,0,0,0
E14001049,"Wolverhampton, North East",61829,34281,con,lab,TRUE,lab,4080,0,1354,17722,0,603,0,13642,960,0,0,0,0,0,0,0,0
E14001050,"Wolverhampton, South East",63006,33443,lab,lab,FALSE,con,1235,0,2094,14287,0,521,0,15522,1019,0,0,0,0,0,0,0,0
E14001051,"Wolverhampton, South West",60895,41136,con,lab,TRUE,lab,1661,0,1028,19864,0,0,0,18203,2041,0,0,0,0,0,0,0,0
E14001052,Worcester,73475,50898,con,con,FALSE,lab,6758,0,0,25856,0,1694,584,19098,3666,0,0,0,0,0,0,0,0
E14001053,Workington,61370,41599,con,lab,TRUE,lab,4176,0,1749,20488,0,596,842,16312,1525,87,0,0,0,0,0,0,0
E14001054,Worsley & Eccles South,75219,44825,lab,lab,FALSE,con,3101,0,3224,17345,0,1300,0,20446,2510,0,0,0,0,0,0,0,0
E14001055,"Worthing, West",78587,54648,con,con,FALSE,lab,14823,0,0,30475,0,2008,489,15652,6024,0,0,0,0,0,0,0,0
E14001056,Wycombe,78094,54756,con,con,FALSE,lab,4214,0,0,24766,0,1454,191,20552,6543,926,0,0,0,0,0,324,0
E14001057,Wyre & Preston North,75168,52924,con,con,FALSE,lab,16781,0,0,31589,0,1729,335,14808,4463,0,0,0,0,0,0,0,0
E14001058,Wyre Forest,78079,50561,con,con,FALSE,lab,21413,0,0,32960,0,1973,0,11547,4081,0,0,0,0,0,0,0,0
E14001059,Wythenshawe & Sale East,76313,44759,lab,lab,FALSE,con,10396,0,2717,13459,0,1559,0,23855,3111,58,0,0,0,0,0,0,0
E14001060,Yeovil,82468,59260,con,con,FALSE,lib,16181,0,0,34588,0,1629,689,3761,18407,186,0,0,0,0,0,0,0
E14001061,"York, Central",74899,49505,lab,lab,FALSE,con,13545,0,1479,13767,0,2107,0,27312,4149,557,0,0,0,0,0,0,0
E14001062,York Outer,74673,55347,con,con,FALSE,lab,9985,0,0,27324,0,0,692,17339,9992,0,0,0,0,0,0,0,0
N06000001,"Belfast, East",66245,42445,dup,dup,FALSE,all,1819,19055,0,0,20874,0,0,0,0,0,0,0,0,0,0,0,2516
N06000002,"Belfast, North",72225,49037,snf,dup,TRUE,dup,1943,4824,0,0,21135,0,0,0,0,0,0,0,23078,0,0,0,0
N06000003,"Belfast, South",69984,47352,sdl,dup,TRUE,dup,15401,6786,0,0,11678,0,0,0,0,550,0,27079,0,0,0,0,1259
N06000004,"Belfast, West",65644,38782,snf,snf,FALSE,dup,15646,1882,0,0,5220,0,0,0,0,1635,0,2985,20866,0,0,0,0
N06000005,"Antrim, East",64830,37261,dup,dup,FALSE,all,6706,10165,0,1043,16871,685,0,0,0,0,0,902,2120,0,0,0,5475
N06000006,"Londonderry, East",69246,39302,dup,dup,FALSE,sdl,9607,5921,0,0,15765,0,0,0,0,1731,0,6158,6128,0,0,0,3599
N06000007,Fermanagh & South Tyrone,72848,50762,snf,snf,FALSE,uup,57,2650,0,0,0,0,751,0,0,0,0,3446,21986,0,0,0,21929
N06000008,Foyle,74346,47144,sdl,snf,TRUE,snf,17110,1267,0,0,4773,0,0,0,0,2032,0,26881,9771,0,0,0,1088
N06000009,Lagan Valley,75735,45405,dup,dup,FALSE,all,6499,13087,0,955,19586,0,0,0,0,0,0,1758,1098,0,0,315,8606
N06000010,"Ulster, Mid",70449,44620,snf,snf,FALSE,dup,9537,3526,0,0,10936,0,690,0,0,0,0,6384,20473,0,0,0,2611
N06000011,Newry & Armagh,81226,50779,snf,snf,FALSE,dup,9287,4211,0,0,1.10E+04,0,0,0,0,1628,0,9449,20287,0,0,0,4204
N06000012,"Antrim, North",77134,44051,dup,dup,FALSE,uup,12721,6231,0,0,20860,0,246,0,0,0,0,2943,5632,0,0,0,8139
N06000013,"Down, North",67099,40643,all,ind,TRUE,dup,2968,18358,0,1959,15390,0,0,0,0,0,0,0,0,0,0,0,4936
N06000014,"Antrim, South",71711,42974,dup,dup,FALSE,uup,2689,8190,0,0,15149,0,0,0,0,0,0,2288,4887,0,0,0,12460
N06000015,"Down, South",79175,49762,snf,snf,FALSE,sdl,1620,6916,0,0,7619,0,0,0,0,1266,0,14517,16137,0,0,0,3307
N06000016,Strangford,66928,37485,dup,dup,FALSE,all,7071,10634,0,1476,17705,790,0,0,0,0,0,1994,555,0,0,308,4023
N06000017,Upper Bann,82887,50045,dup,dup,FALSE,snf,8210,6433,0,0,20501,0,0,0,0,0,0,4623,12291,0,0,0,6197
N06000018,"Tyrone, West",66259,41186,snf,snf,FALSE,dup,7478,3979,0,0,9066,521,0,0,0,972,0,7330,16544,0,0,0,2774
S14000001,"Aberdeen, North",62489,37413,snp,snp,FALSE,con,12670,0,1008,7535,0,880,0,4939,2846,0,0,0,0,20205,0,0,0
S14000002,"Aberdeen, South",65719,45630,snp,con,TRUE,con,3982,0,0,16398,0,0,0,3834,5018,0,0,0,0,20380,0,0,0
S14000003,Airdrie & Shotts,64008,39772,snp,snp,FALSE,lab,5201,0,0,7011,0,685,0,12728,1419,0,0,0,0,17929,0,0,0
S14000004,Angus,63952,43170,snp,con,TRUE,con,3795,0,0,17421,0,0,0,2051,2482,0,0,0,0,21216,0,0,0
S14000005,Argyll & Bute,66525,48050,snp,snp,FALSE,con,4110,0,0,16930,0,0,0,3248,6832,0,0,0,0,21040,0,0,0
S14000006,"Ayr, Carrick & Cumnock",71970,46592,snp,con,TRUE,con,2329,0,0,17943,0,0,0,6219,2158,0,0,0,0,20272,0,0,0
S14000007,Banff & Buchan,66655,42260,con,con,FALSE,snp,4118,0,0,21182,0,0,0,1734,2280,0,0,0,0,17064,0,0,0
S14000008,"Berwickshire, Roxburgh & Selkirk",74518,53146,con,con,FALSE,snp,5148,0,0,25747,0,0,0,2513,4287,0,0,0,0,20599,0,0,0
S14000009,"Caithness, Sutherland & Easter Ross",46930,31457,lib,lib,FALSE,snp,204,0,1139,5176,0,0,0,1936,11705,0,0,0,0,11501,0,0,0
S14000010,"Ayrshire, Central",69742,46534,snp,snp,FALSE,con,5304,0,0,16182,0,0,0,6583,2283,0,0,0,0,21486,0,0,0
S14000011,"Coatbridge, Chryston & Bellshill",72943,48221,snp,lab,TRUE,lab,5624,0,0,6113,0,808,0,17056,1564,0,0,0,0,22680,0,0,0
S14000012,"Cumbernauld, Kilsyth & Kirkintilloch East",66079,45686,snp,snp,FALSE,lab,12976,0,0,7380,0,0,0,11182,2966,0,0,0,0,24158,0,0,0
S14000013,Dumfries & Galloway,74580,51429,con,con,FALSE,snp,1805,0,0,22678,0,0,0,4745,3133,0,0,0,0,20873,0,0,0
S14000014,"Dumfriesshire, Clydesdale & Tweeddale",68330,49153,con,con,FALSE,snp,3781,0,0,22611,0,0,0,4172,3540,0,0,0,0,18830,0,0,0
S14000015,"Dundee, East",66210,45277,snp,snp,FALSE,con,13375,0,0,10986,0,0,312,6045,3573,0,0,0,0,24361,0,0,0
S14000016,"Dundee, West",64431,41579,snp,snp,FALSE,lab,12259,0,1271,5149,0,0,0,10096,2468,240,0,0,0,22355,0,0,0
S14000017,Dunfermline & Fife West,76652,53482,snp,snp,FALSE,lab,10699,0,0,11207,0,1258,0,13028,4262,0,0,0,0,23727,0,0,0
S14000018,Dunbartonshire East,66075,53031,snp,lib,TRUE,lib,149,0,0,7455,0,916,221,4839,19523,197,0,0,0,19672,0,208,0
S14000019,"East Kilbride, Strathaven & Lesmahagow",81224,56337,snp,snp,FALSE,lab,13322,0,0,11961,0,1153,0,12791,3760,0,0,0,0,26113,0,559,0
S14000020,"Lothian, East",81600,58513,snp,lab,TRUE,lab,3886,0,0,15523,0,0,0,17270,4071,0,0,0,0,21156,0,493,0
S14000021,"Renfrewshire, East",72232,55357,snp,con,TRUE,con,5426,0,0,19451,0,0,0,6855,4174,0,0,0,0,24877,0,0,0
S14000022,"Edinburgh, East",69424,47815,snp,snp,FALSE,lab,10417,0,0,6549,0,2064,0,12748,3289,0,0,0,0,23165,0,0,0
S14000023,"Edinburgh, North & Leith",81336,59344,snp,snp,FALSE,lab,12808,0,558,1.10E+04,0,1971,0,13117,6635,138,0,0,0,25925,0,0,0
S14000024,"Edinburgh, South",66188,49732,lab,lab,FALSE,snp,11095,0,0,8161,0,1357,0,23745,3819,0,0,0,0,12650,0,0,0
S14000025,"Edinburgh, South West",73501,52131,snp,snp,FALSE,con,11982,0,625,12848,0,1265,0,7478,4971,114,0,0,0,24830,0,0,0
S14000026,"Edinburgh, West",72507,54533,lib,lib,FALSE,snp,3769,0,0,9283,0,1027,0,4460,21766,0,0,0,0,17997,0,0,0
S14000027,Na h-Eileanan an Iar (Western Isles),21106,14477,snp,snp,FALSE,lab,2438,0,0,3216,0,0,0,4093,637,0,0,0,0,6531,0,0,0
S14000028,Falkirk,84472,55872,snp,snp,FALSE,con,14948,0,0,14403,0,1885,0,6243,3990,0,0,0,0,29351,0,0,0
S14000029,"Glasgow, Central",69230,40105,snp,snp,FALSE,lab,6474,0,0,3698,0,1429,0,13276,1952,0,0,0,0,19750,0,0,0
S14000030,"Glasgow, East",67381,38483,snp,snp,FALSE,lab,5566,0,0,5709,0,0,0,12791,1626,0,0,0,0,18357,0,0,0
S14000031,"Glasgow, North",57130,36191,snp,snp,FALSE,lab,5601,0,320,3806,0,1308,0,11381,2394,0,0,0,0,16982,0,0,0
S14000032,"Glasgow, North East",61075,33925,snp,lab,TRUE,lab,2548,0,0,3558,0,0,0,13363,1093,0,0,0,0,15911,0,0,0
S14000033,"Glasgow, North West",63402,39735,snp,snp,FALSE,lab,8359,0,0,6022,0,0,0,11319,2716,0,0,0,0,19678,0,0,0
S14000034,"Glasgow, South",70891,47443,snp,snp,FALSE,lab,9005,0,516,6237,0,1251,0,13824,2786,0,0,0,0,22829,0,0,0
S14000035,"Glasgow, South West",64575,36847,snp,snp,FALSE,lab,4900,0,802,4224,0,0,0,12743,1435,0,0,0,0,17643,0,0,0
S14000036,Glenrothes,65762,41546,snp,snp,FALSE,lab,11757,0,1276,6920,0,0,0,9477,2639,0,0,0,0,21234,0,0,0
S14000037,Gordon,79629,55916,snp,con,TRUE,con,819,0,0,23066,0,0,0,3052,5913,0,0,0,0,23885,0,0,0
S14000038,Inverclyde,60622,39903,snp,snp,FALSE,lab,7512,0,0,6265,0,0,0,11783,2560,0,0,0,0,19295,0,0,0
S14000039,"Inverness, Nairn, Badenoch & Strathspey",78057,54810,snp,snp,FALSE,con,10440,0,1078,15807,0,1709,0,4123,5846,0,0,0,0,26247,0,0,0
S14000040,Kilmarnock & Loudoun,74517,47631,snp,snp,FALSE,con,12659,0,0,11557,0,0,0,9009,2444,405,0,0,0,24216,0,0,0
S14000041,Kirkcaldy & Cowdenbeath,72853,47005,snp,lab,TRUE,lab,1243,0,1132,9449,0,1628,0,15325,2903,0,0,0,0,16568,0,0,0
S14000042,Lanark & Hamilton East,77659,53072,snp,snp,FALSE,con,5187,0,0,17056,0,0,0,10736,3037,0,0,0,0,22243,0,0,0
S14000043,Linlithgow & East Falkirk,87044,57775,snp,snp,FALSE,con,11266,0,1257,14285,0,1184,0,10517,4393,588,0,0,0,25551,0,0,0
S14000044,Livingston,82285,54592,snp,snp,FALSE,con,13435,0,0,12182,0,1421,0,11915,3457,0,0,0,0,25617,0,0,0
S14000045,Midlothian,70544,48221,snp,lab,TRUE,lab,5705,0,0,10467,0,0,0,14328,3393,0,0,0,0,20033,0,0,0
S14000046,Moray,71035,48825,con,con,FALSE,snp,513,0,0,22112,0,0,0,2432,2269,0,0,0,0,21599,0,413,0
S14000047,Motherwell & Wishaw,68856,44420,snp,snp,FALSE,lab,6268,0,0,7150,0,0,0,14354,1675,0,0,0,0,20622,0,619,0
S14000048,"Ayrshire, North & Arran",73534,48154,snp,snp,FALSE,con,8521,0,0,14855,0,1114,0,6702,2107,0,0,0,0,23376,0,0,0
S14000049,"Fife, North East",60905,45878,lib,snp,TRUE,snp,1316,0,0,5961,0,0,0,1707,19763,0,0,0,0,18447,0,0,0
S14000050,Ochil & South Perthshire,78776,57813,snp,con,TRUE,con,4498,0,0,22384,0,0,0,4961,3204,0,0,0,0,26882,0,382,0
S14000051,Orkney & Shetland,34211,23160,lib,lib,FALSE,snp,2507,0,900,2287,0,0,168,1550,10381,0,0,0,0,7874,0,0,0
S14000052,Paisley & Renfrewshire North,72007,49682,snp,snp,FALSE,lab,11902,0,0,11217,0,0,0,11451,3661,0,0,0,0,23353,0,0,0
S14000053,Paisley & Renfrewshire South,64385,43084,snp,snp,FALSE,lab,10679,0,0,7571,0,0,0,10958,2918,0,0,0,0,21637,0,0,0
S14000054,Perth & North Perthshire,72600,54076,snp,snp,FALSE,con,7550,0,651,19812,0,0,0,2471,3780,0,0,0,0,27362,0,0,0
S14000055,"Ross, Skye & Lochaber",54229,39869,snp,snp,FALSE,lib,9443,0,710,6900,0,0,0,2448,9820,268,0,0,0,19263,0,0,0
S14000056,Rutherglen & Hamilton West,80918,53794,snp,lab,TRUE,lab,5230,0,0,8054,0,0,0,18545,2791,0,0,0,0,23775,0,629,0
S14000057,Stirling,68473,52620,snp,con,TRUE,con,9254,0,0,17641,0,942,0,4275,2867,0,0,0,0,26895,0,0,0
S14000058,"Aberdeenshire, West & Kincardine",72640,53345,con,con,FALSE,snp,843,0,0,22752,0,0,0,2431,6253,0,0,0,0,21909,0,0,0
S14000059,"Dunbartonshire, West",66517,45140,snp,snp,FALSE,lab,9553,0,0,6436,0,867,708,12843,1890,0,0,0,0,22396,0,0,0
W07000041,Ynys Mon,51925,36552,con,lab,TRUE,lab,1968,0,2184,12959,0,0,0,10991,0,0,10418,0,0,0,0,0,0
W07000042,Delyn,54552,38370,con,lab,TRUE,lab,865,0,1971,16756,0,0,0,15891,2346,0,1406,0,0,0,0,0,0
W07000043,Alyn & Deeside,62783,43008,lab,lab,FALSE,con,213,0,2678,18058,0,0,0,18271,2548,0,1453,0,0,0,0,0,0
W07000044,Wrexham,49734,33532,con,lab,TRUE,lab,2131,0,1222,15199,0,445,0,13068,1447,0,2151,0,0,0,0,0,0
W07000045,Llanelli,60513,38233,lab,lab,FALSE,con,4670,0,3605,11455,0,0,0,16125,0,0,7048,0,0,0,0,0,0
W07000046,Gower,61762,44482,lab,lab,FALSE,con,1837,0,1379,18371,0,0,0,20208,2236,0,2288,0,0,0,0,0,0
W07000047,"Swansea, West",57078,35830,lab,lab,FALSE,con,8116,0,1983,10377,0,0,0,18493,2993,0,1984,0,0,0,0,0,0
W07000048,"Swansea, East",58450,33579,lab,lab,FALSE,con,7970,0,2842,9435,0,583,0,17405,1409,0,1905,0,0,0,0,0,0
W07000049,Aberavon,50747,31598,lab,lab,FALSE,con,10490,0,3108,6518,0,450,731,17008,1072,0,2711,0,0,0,0,0,0
W07000050,"Cardiff, Central",64037,41822,lab,lab,FALSE,con,17179,0,1006,8426,0,0,119,25605,6298,88,0,0,0,0,0,0,0
W07000051,"Cardiff, North",68438,52666,lab,lab,FALSE,con,6982,0,1311,19082,0,820,203,26064,3580,0,1606,0,0,0,0,0,0
W07000052,Rhondda,50262,29642,lab,lab,FALSE,con,11440,0,3733,4675,0,438,0,16115,612,0,4069,0,0,0,0,0,0
W07000053,Torfaen,61743,37176,lab,lab,FALSE,con,3742,0,5742,11804,0,812,0,15546,1831,0,1441,0,0,0,0,0,0
W07000054,Monmouth,67094,50217,con,con,FALSE,lab,9982,0,0,26160,0,1353,435,16178,4909,0,1182,0,0,0,0,0,0
W07000055,"Newport, East",58554,36282,lab,lab,FALSE,con,1992,0,2454,14133,0,577,0,16125,2121,0,872,0,0,0,0,0,0
W07000056,"Newport, West",66657,43433,lab,lab,FALSE,con,902,0,1727,18075,0,902,0,18977,2565,0,1187,0,0,0,0,0,0
W07000057,Arfon,42215,29074,plc,plc,FALSE,lab,2781,0,1159,4428,0,0,0,10353,0,0,13134,0,0,0,0,0,0
W07000058,Aberconwy,44699,31865,con,ind,TRUE,lab,2034,0,0,14687,0,0,0,12653,1821,0,2704,0,0,0,0,0,0
W07000059,"Clwyd, West",57714,40203,con,con,FALSE,lab,6747,0,0,20403,0,0,0,13656,2237,0,3907,0,0,0,0,0,0
W07000060,Vale of Clwyd,56649,37213,con,lab,TRUE,lab,1827,0,1477,17270,0,0,0,15443,1471,0,1552,0,0,0,0,0,0
W07000061,Dwyfor Meirionnydd,44362,29928,plc,plc,FALSE,con,4740,0,1776,9707,0,0,0,3998,0,0,14447,0,0,0,0,0,0
W07000062,"Clwyd, South",53919,36306,con,lab,TRUE,lab,1239,0,1468,16222,0,0,0,14983,1496,0,2137,0,0,0,0,0,0
W07000063,Montgomeryshire,48997,34214,con,con,FALSE,lib,12138,0,0,20020,0,0,0,5585,7882,727,0,0,0,0,0,0,0
W07000064,Ceredigion,56250,40105,plc,plc,FALSE,con,6329,0,2063,8879,0,663,0,6317,6975,0,15208,0,0,0,0,0,0
W07000065,Preseli Pembrokeshire,59586,42419,con,con,FALSE,lab,5062,0,0,21381,0,0,0,16319,1943,0,2776,0,0,0,0,0,0
W07000066,Carmarthen West & Pembrokeshire South,58629,42114,con,con,FALSE,lab,7745,0,0,22183,0,0,0,14438,1860,0,3633,0,0,0,0,0,0
W07000067,"Carmarthen, East & Dinefwr",57407,41002,plc,plc,FALSE,con,1809,0,2311,14130,0,0,0,8622,0,0,15939,0,0,0,0,0,0
W07000068,Brecon & Radnorshire,55490,41319,con,lib,TRUE,lib,7131,0,0,21958,0,0,0,3944,14827,345,0,0,0,0,0,0,0
W07000069,Neath,56416,36756,lab,lab,FALSE,con,5637,0,3184,10283,0,728,594,15920,1485,67,4495,0,0,0,0,0,0
W07000070,Cynon Valley,51134,30236,lab,lab,FALSE,con,8822,0,3045,6711,0,0,0,15533,949,1322,2562,0,0,0,0,0,0
W07000071,Merthyr Tydfil & Rhymney,56322,32246,lab,lab,FALSE,con,10606,0,3604,6307,0,0,1860,16913,1116,0,2446,0,0,0,0,0,0
W07000072,Blaenau Gwent,50736,30219,lab,lab,FALSE,brx,8647,0,6215,5749,0,386,0,14862,1285,0,1722,0,0,0,0,0,0
W07000073,Bridgend,63303,42236,con,lab,TRUE,lab,1157,0,1811,18193,0,815,0,17036,2368,0,2013,0,0,0,0,0,0
W07000074,Ogmore,57581,35390,lab,lab,FALSE,con,7805,0,2991,9797,0,621,0,17602,1460,0,2919,0,0,0,0,0,0
W07000075,Pontypridd,60327,39060,lab,lab,FALSE,con,5887,0,2917,11494,0,0,337,17381,0,149,4990,0,0,0,0,0,0
W07000076,Caerphilly,63166,40117,lab,lab,FALSE,con,6833,0,4490,11185,0,0,0,18018,0,0,6424,0,0,0,0,0,0
W07000077,Islwyn,55423,34350,lab,lab,FALSE,con,5464,0,4834,9892,0,669,0,15356,1313,0,2286,0,0,0,0,0,0
W07000078,Vale of Glamorgan,76508,54807,con,con,FALSE,lab,3562,0,0,27305,0,3251,0,23743,0,508,0,0,0,0,0,0,0
W07000079,"Cardiff, West",68508,46177,lab,lab,FALSE,con,10986,0,1619,12922,0,1133,0,23908,2731,0,3864,0,0,0,0,0,0
W07000080,"Cardiff, South & Penarth",78837,50579,lab,lab,FALSE,con,12737,0,1999,14645,0,1182,0,27382,2985,0,2386,0,0,0,0,0,0
